kuupÃ¤ev,mullaniiskus,temperatuur
2019-04-01 09:46:22,48,21.9
2019-04-01 09:56:22,49,21.7
2019-04-01 10:16:23,50,21.7
2019-04-01 10:26:23,50,21.8
2019-04-01 10:36:24,50,21.8
2019-04-01 10:46:24,50,21.8
2019-04-01 10:56:24,50,21.8
2019-04-01 11:06:25,50,21.9
2019-04-01 11:16:25,50,21.9
2019-04-01 11:26:26,50,22
2019-04-01 11:36:26,49,21.8
2019-04-01 11:46:26,49,22
2019-04-01 11:56:27,49,22
2019-04-01 12:06:27,48,22.1
2019-04-01 12:16:27,48,22
2019-04-01 12:26:28,48,22.1
2019-04-01 12:36:28,47,22.1
2019-04-01 12:46:29,47,22.1
2019-04-01 12:56:29,47,22
2019-04-01 01:06:29,46,22.2
2019-04-01 01:16:30,46,22.1
2019-04-01 01:26:30,46,22.1
2019-04-01 01:36:31,46,22.1
2019-04-01 01:46:31,46,22.2
2019-04-01 01:56:31,45,22
2019-04-01 02:06:32,45,22.1
2019-04-01 02:16:32,45,22
2019-04-01 02:26:32,45,22
2019-04-01 02:36:32,44,22.2
2019-04-01 02:46:33,44,22
2019-04-01 02:56:33,44,22.2
2019-04-01 03:06:34,44,21.9
2019-04-01 03:16:34,44,22
2019-04-01 03:27:20,44,21.8
2019-04-01 03:37:11,43,21.9
2019-04-01 03:46:45,43,21.7
2019-04-01 03:56:45,43,21.7
2019-04-01 04:06:45,43,21.5
2019-04-01 04:16:46,43,21.4
2019-04-01 04:26:46,43,21.3
2019-04-01 04:36:46,43,21.3
2019-04-01 04:46:47,43,21.3
2019-04-01 04:56:47,43,21.5
2019-04-01 05:06:47,43,21.3
2019-04-01 05:16:48,43,21.3
2019-04-01 05:26:48,43,21
2019-04-01 05:36:48,43,21
2019-04-01 05:46:49,43,20.9
2019-04-01 05:56:49,43,20.8
2019-04-01 06:06:49,43,20.9
2019-04-01 06:16:50,42,20.9
2019-04-01 06:26:50,42,20.8
2019-04-01 06:36:50,42,20.7
2019-04-01 06:46:51,42,20.7
2019-04-01 06:56:51,42,20.6
2019-04-01 07:06:51,42,20.5
2019-04-01 07:16:51,42,20.5
2019-04-01 07:26:52,42,20.5
2019-04-01 07:36:52,42,20.4
2019-04-01 07:46:52,42,20.3
2019-04-01 08:06:53,42,20.2
2019-04-01 08:16:53,41,20.1
2019-04-01 08:26:53,41,20
2019-04-01 08:36:54,41,20
2019-04-01 08:46:54,41,20
2019-04-01 08:56:54,41,19.9
2019-04-01 09:06:55,41,19.9
2019-04-01 09:16:55,41,19.9
2019-04-01 09:26:55,40,20
2019-04-01 09:36:56,41,19.9
2019-04-01 09:46:56,40,19.8
2019-04-01 09:56:57,40,19.8
2019-04-01 10:06:57,40,19.7
2019-04-01 10:16:57,40,19.6
2019-04-01 10:26:58,40,19.7
2019-04-01 10:36:58,40,19.7
2019-04-01 10:46:58,40,19.7
2019-04-01 10:56:59,40,19.7
2019-04-01 11:06:59,40,19.6
2019-04-01 11:16:59,40,19.6
2019-04-01 11:27:00,40,19.5
2019-04-01 11:37:00,40,19.5
2019-04-01 11:47:01,40,19.5
2019-04-01 11:57:01,40,19.5
2019-04-02 12:07:01,39,19.6
2019-04-02 12:17:01,40,19.5
2019-04-02 12:27:02,40,19.4
2019-04-02 12:37:02,40,19.4
2019-04-02 12:47:02,39,19.5
2019-04-02 12:57:03,39,19.4
2019-04-02 01:07:03,39,19.4
2019-04-02 01:17:03,39,19.5
2019-04-02 01:27:04,39,19.4
2019-04-02 01:37:04,39,19.4
2019-04-02 01:47:05,39,19.4
2019-04-02 01:57:05,39,19.4
2019-04-02 02:07:05,39,19.3
2019-04-02 02:17:06,39,19.4
2019-04-02 02:27:06,39,19.4
2019-04-02 02:37:06,39,19.5
2019-04-02 02:47:07,39,19.4
2019-04-02 02:57:07,39,19.4
2019-04-02 03:07:07,38,19.4
2019-04-02 03:17:08,39,19.4
2019-04-02 03:27:08,39,19.3
2019-04-02 03:37:08,39,19.4
2019-04-02 03:47:09,39,19.3
2019-04-02 03:57:09,39,19.4
2019-04-02 04:07:09,39,19.4
2019-04-02 04:17:10,39,19.4
2019-04-02 04:27:10,39,19.4
2019-04-02 04:37:10,39,19.4
2019-04-02 04:47:11,38,19.5
2019-04-02 04:57:11,38,19.5
2019-04-02 05:07:11,38,19.5
2019-04-02 05:17:12,38,19.5
2019-04-02 05:27:12,38,19.6
2019-04-02 05:37:12,38,19.7
2019-04-02 05:47:13,38,19.7
2019-04-02 05:57:13,38,19.8
2019-04-02 06:07:13,38,19.9
2019-04-02 06:17:14,38,19.8
2019-04-02 06:27:14,38,20
2019-04-02 06:37:14,38,20
2019-04-02 06:47:15,38,20.1
2019-04-02 06:57:15,38,20.2
2019-04-02 07:07:15,38,20.3
2019-04-02 07:17:16,38,20.2
2019-04-02 07:27:16,38,20.4
2019-04-02 07:37:16,38,20.5
2019-04-02 07:47:17,38,20.6
2019-04-02 07:57:17,38,20.7
2019-04-02 08:07:17,38,20.8
2019-04-02 08:17:18,38,21
2019-04-02 08:27:18,38,20.9
2019-04-02 08:37:18,38,21
2019-04-02 08:47:19,38,21
2019-04-02 08:57:19,38,21.2
2019-04-02 09:07:20,38,21.2
2019-04-02 09:17:20,38,21.4
2019-04-02 09:27:20,38,21.4
2019-04-02 09:37:21,38,21.5
2019-04-02 09:47:21,38,21.5
2019-04-02 09:57:21,38,21.6
2019-04-02 10:07:22,38,21.7
2019-04-02 10:17:22,38,21.8
2019-04-02 10:27:23,38,21.9
2019-04-02 10:37:23,38,22
2019-04-02 10:47:23,38,21.8
2019-04-02 10:57:24,38,22
2019-04-02 11:07:24,38,22.1
2019-04-02 11:17:24,38,22.1
2019-04-02 11:27:25,38,22.2
2019-04-02 11:37:25,38,22.2
2019-04-02 11:47:26,38,22.2
2019-04-02 11:57:26,38,22.2
2019-04-02 12:07:26,38,22.3
2019-04-02 12:17:27,38,22.4
2019-04-02 12:27:27,38,22.3
2019-04-02 12:37:27,38,22.2
2019-04-02 12:47:28,38,22.3
2019-04-02 12:57:28,38,22.1
2019-04-02 01:07:29,38,22.4
2019-04-02 01:17:29,38,22.5
2019-04-02 01:27:29,38,22.4
2019-04-02 01:37:30,38,22.5
2019-04-02 01:47:30,38,22.5
2019-04-02 01:57:30,38,22.4
2019-04-02 02:07:31,38,22.4
2019-04-02 02:17:31,38,22.4
2019-04-02 02:27:31,38,22.5
2019-04-02 02:37:32,38,22.5
2019-04-02 02:47:32,38,22.5
2019-04-02 02:57:32,38,22.4
2019-04-02 03:07:33,38,22.2
2019-04-02 03:17:33,38,22.3
2019-04-02 03:27:33,38,22.1
2019-04-02 03:37:34,38,22.3
2019-04-02 03:47:34,38,22.2
2019-04-02 03:57:34,38,22.1
2019-04-02 04:07:35,38,22.1
2019-04-02 04:17:35,38,22.1
2019-04-02 04:27:35,38,22.1
2019-04-02 04:37:36,38,22
2019-04-02 04:47:36,38,21.8
2019-04-02 04:57:36,38,21.7
2019-04-02 05:07:37,38,21.6
2019-04-02 05:17:37,38,21.4
2019-04-02 05:27:37,38,21.5
2019-04-02 05:37:38,38,21.6
2019-04-02 05:47:38,38,21.8
2019-04-02 05:57:38,38,21.5
2019-04-02 06:07:39,38,21.5
2019-04-02 06:17:39,38,21.5
2019-04-02 06:27:39,38,21.6
2019-04-02 06:37:40,37,21.5
2019-04-02 06:47:40,37,21.2
2019-04-02 06:57:40,37,21.2
2019-04-02 07:07:41,37,21.2
2019-04-02 07:17:41,37,21.1
2019-04-02 07:27:41,37,20.9
2019-04-02 07:37:42,37,20.8
2019-04-02 07:47:42,37,20.7
2019-04-02 07:57:42,37,20.6
2019-04-02 08:07:43,37,20.6
2019-04-02 08:17:43,37,20.5
2019-04-02 08:27:43,37,20.4
2019-04-02 08:37:44,37,20.4
2019-04-02 08:47:44,37,20.3
2019-04-02 08:57:44,37,20.2
2019-04-02 09:07:45,36,20.1
2019-04-02 09:17:45,36,20.1
2019-04-02 09:27:45,36,20.1
2019-04-02 09:37:46,36,20
2019-04-02 09:47:46,36,20
2019-04-02 09:57:46,36,19.9
2019-04-02 10:07:47,35,19.9
2019-04-02 10:17:47,36,19.8
2019-04-02 10:27:47,36,19.8
2019-04-02 10:37:48,36,19.8
2019-04-02 10:47:48,36,19.8
2019-04-02 10:57:49,36,19.8
2019-04-02 11:07:49,36,19.8
2019-04-02 11:17:49,36,19.9
2019-04-02 11:27:50,35,19.8
2019-04-02 11:37:50,35,19.8
2019-04-02 11:47:50,35,19.8
2019-04-02 11:57:51,35,19.8
2019-04-03 12:07:51,35,19.7
2019-04-03 12:17:51,35,19.7
2019-04-03 12:27:52,35,19.7
2019-04-03 12:37:52,35,19.7
2019-04-03 12:47:52,35,19.7
2019-04-03 12:57:53,35,19.6
2019-04-03 01:07:53,35,19.7
2019-04-03 01:17:53,35,19.6
2019-04-03 01:27:54,35,19.6
2019-04-03 01:37:54,35,19.5
2019-04-03 01:47:54,36,19.6
2019-04-03 01:57:55,35,19.6
2019-04-03 02:07:55,34,19.5
2019-04-03 02:17:55,35,19.6
2019-04-03 02:27:56,35,19.6
2019-04-03 02:37:56,35,19.5
2019-04-03 02:47:56,34,19.5
2019-04-03 02:57:57,35,19.5
2019-04-03 03:07:57,34,19.5
2019-04-03 03:17:58,35,19.5
2019-04-03 03:27:58,34,19.4
2019-04-03 03:37:58,35,19.4
2019-04-03 03:47:59,35,19.5
2019-04-03 03:57:59,35,19.5
2019-04-03 04:07:59,35,19.5
2019-04-03 04:18:00,35,19.4
2019-04-03 04:28:00,34,19.5
2019-04-03 04:38:00,34,19.5
2019-04-03 04:48:01,34,19.5
2019-04-03 04:58:01,34,19.6
2019-04-03 05:08:01,34,19.6
2019-04-03 05:18:02,34,19.6
2019-04-03 05:28:02,34,19.6
2019-04-03 05:38:02,34,19.6
2019-04-03 05:48:03,34,19.7
2019-04-03 05:58:03,34,19.7
2019-04-03 06:08:03,34,19.8
2019-04-03 06:18:04,34,19.9
2019-04-03 06:28:04,34,20
2019-04-03 06:38:04,34,20.1
2019-04-03 06:48:05,34,20.2
2019-04-03 06:58:05,34,20.2
2019-04-03 07:08:05,34,20.3
2019-04-03 07:18:06,34,20.4
2019-04-03 07:28:06,34,20.5
2019-04-03 07:38:06,34,20.6
2019-04-03 07:48:07,34,20.6
2019-04-03 07:58:07,34,20.8
2019-04-03 08:08:07,34,20.9
2019-04-03 08:18:08,34,21
2019-04-03 08:28:08,34,21.1
2019-04-03 08:38:08,34,21.2
2019-04-03 08:48:09,34,21.3
2019-04-03 08:58:09,34,21.4
2019-04-03 09:08:09,34,21.4
2019-04-03 09:18:10,34,21.5
2019-04-03 09:28:10,34,21.4
2019-04-03 09:38:11,34,21.7
2019-04-03 09:48:11,34,21.7
2019-04-03 09:58:11,34,21.7
2019-04-03 10:08:12,34,21.9
2019-04-03 10:18:12,34,21.9
2019-04-03 10:28:12,34,21.9
2019-04-03 10:38:13,34,22.1
2019-04-03 10:48:13,34,22.2
2019-04-03 10:58:13,35,22.2
2019-04-03 11:08:14,35,22.3
2019-04-03 11:18:14,35,22.3
2019-04-03 11:28:15,35,22.3
2019-04-03 11:38:15,35,22.5
2019-04-03 11:48:15,35,22.4
2019-04-03 11:58:16,35,22.6
2019-04-03 12:08:16,35,22.5
2019-04-03 12:18:16,35,22.6
2019-04-03 12:28:17,35,22.5
2019-04-03 12:38:17,34,22.7
2019-04-03 12:58:18,34,22.7
2019-04-03 01:08:18,34,22.6
2019-04-03 01:18:19,34,22.8
2019-04-03 01:28:19,34,22.8
2019-04-03 01:38:19,34,22.9
2019-04-03 01:48:20,34,22.7
2019-04-03 01:58:20,34,22.8
2019-04-03 02:08:20,34,22.8
2019-04-03 02:18:21,34,22.7
2019-04-03 02:28:21,34,22.8
2019-04-03 02:38:22,34,22.8
2019-04-03 02:48:22,34,22.8
2019-04-03 02:58:22,34,22.8
2019-04-03 03:08:23,34,22.8
2019-04-03 03:18:23,34,22.8
2019-04-03 03:28:23,34,22.8
2019-04-03 03:38:24,34,22.8
2019-04-03 03:48:24,34,22.7
2019-04-03 03:58:24,34,22.7
2019-04-03 04:08:25,34,22.5
2019-04-03 04:18:25,34,22.3
2019-04-03 04:28:25,34,22.3
2019-04-03 04:38:26,34,22.4
2019-04-03 04:48:26,34,22.4
2019-04-03 04:58:27,34,22.4
2019-04-03 05:08:27,34,22.3
2019-04-03 05:18:27,34,22.4
2019-04-03 05:28:28,34,22.2
2019-04-03 05:38:28,34,22.2
2019-04-03 05:48:28,34,22.1
2019-04-03 05:58:29,34,22.1
2019-04-03 06:08:29,34,21.9
2019-04-03 06:18:29,34,22
2019-04-03 06:28:31,34,21.8
2019-04-03 06:38:31,34,21.8
2019-04-03 06:48:32,34,21.8
2019-04-03 06:58:32,34,21.7
2019-04-03 07:08:32,33,21.6
2019-04-03 07:18:33,33,21.4
2019-04-03 07:28:33,33,21.5
2019-04-03 07:38:33,33,21.4
2019-04-03 07:48:34,33,21.4
2019-04-03 07:58:34,33,21.2
2019-04-03 08:08:34,33,21.1
2019-04-03 08:18:35,33,21
2019-04-03 08:28:35,33,21
2019-04-03 08:38:35,33,20.9
2019-04-03 08:48:36,33,20.9
2019-04-03 08:58:36,33,20.8
2019-04-03 09:08:36,33,20.9
2019-04-03 09:28:42,33,20.7
2019-04-03 09:38:42,32,20.6
2019-04-03 09:48:42,33,20.7
2019-04-03 09:58:42,32,20.6
2019-04-03 10:08:43,32,20.5
2019-04-03 10:18:43,32,20.4
2019-04-03 10:28:43,32,20.4
2019-04-03 10:38:44,32,20.4
2019-04-03 10:58:44,31,20.3
2019-04-03 11:08:45,32,20.3
2019-04-03 11:18:45,32,20.2
2019-04-03 11:28:45,32,20.3
2019-04-03 11:38:46,32,20.2
2019-04-03 11:48:46,32,20.4
2019-04-03 11:58:46,31,20.2
2019-04-04 12:08:47,31,20.2
2019-04-04 12:18:47,31,20.2
2019-04-04 12:28:47,32,20.1
2019-04-04 12:38:48,32,20.1
2019-04-04 12:48:48,32,20.1
2019-04-04 12:58:48,32,20.1
2019-04-04 01:08:49,31,20
2019-04-04 01:18:49,31,20
2019-04-04 01:28:50,31,20
2019-04-04 01:38:50,31,20.1
2019-04-04 01:48:50,31,20
2019-04-04 01:58:51,31,20
2019-04-04 02:08:51,31,19.9
2019-04-04 02:18:51,31,19.9
2019-04-04 02:28:52,31,19.9
2019-04-04 02:38:52,31,20
2019-04-04 02:48:52,31,20
2019-04-04 02:58:53,31,19.9
2019-04-04 03:08:53,31,20
2019-04-04 03:18:53,31,19.9
2019-04-04 03:28:54,31,19.9
2019-04-04 03:38:54,31,19.9
2019-04-04 03:48:54,30,19.9
2019-04-04 03:58:55,30,19.8
2019-04-04 04:08:55,30,19.7
2019-04-04 04:18:56,30,19.7
2019-04-04 04:28:56,30,19.7
2019-04-04 04:38:57,30,19.7
2019-04-04 04:48:57,30,19.8
2019-04-04 04:58:57,30,19.8
2019-04-04 05:08:58,30,19.8
2019-04-04 05:18:58,30,19.8
2019-04-04 05:28:59,30,19.9
2019-04-04 05:38:59,30,20
2019-04-04 05:48:59,30,20.1
2019-04-04 05:59:00,30,20.1
2019-04-04 06:09:00,30,20.2
2019-04-04 06:19:00,30,20.4
2019-04-04 06:29:01,30,20.5
2019-04-04 06:39:01,30,20.5
2019-04-04 06:49:01,30,20.5
2019-04-04 06:59:02,30,20.7
2019-04-04 07:09:02,30,20.7
2019-04-04 07:19:02,30,20.8
2019-04-04 07:29:03,30,20.9
2019-04-04 07:39:03,30,21
2019-04-04 07:49:03,30,21.1
2019-04-04 07:59:04,30,21.1
2019-04-04 08:09:04,30,21.1
2019-04-04 08:19:05,30,21.2
2019-04-04 08:29:05,29,21.5
2019-04-04 08:39:05,29,21.7
2019-04-04 08:49:06,29,21.6
2019-04-04 08:59:06,29,21.7
2019-04-04 09:09:07,29,21.8
2019-04-04 09:19:07,30,21.9
2019-04-04 09:29:07,29,21.9
2019-04-04 09:39:08,29,22.1
2019-04-04 09:49:08,30,22.2
2019-04-04 09:59:09,29,22.2
2019-04-04 10:09:09,29,22.3
2019-04-04 10:19:09,29,22.3
2019-04-04 10:29:10,29,22.5
2019-04-04 10:39:10,29,22.4
2019-04-04 10:49:11,29,22.5
2019-04-04 10:59:11,29,22.6
2019-04-04 11:09:11,29,22.7
2019-04-04 11:19:12,29,22.5
2019-04-04 11:29:12,29,22.8
2019-04-04 11:39:12,29,22.8
2019-04-04 11:49:13,29,22.8
2019-04-04 11:59:13,29,22.9
2019-04-04 12:09:14,29,23
2019-04-04 12:19:14,29,23
2019-04-04 12:29:14,29,22.9
2019-04-04 12:39:15,29,23
2019-04-04 12:49:15,29,22.9
2019-04-04 12:59:15,29,22.8
2019-04-04 01:09:16,29,22.9
2019-04-04 01:19:16,29,23.4
2019-04-04 01:29:17,29,23.3
2019-04-04 01:39:17,29,23.1
2019-04-04 01:49:17,29,23.2
2019-04-04 01:59:18,29,23.3
2019-04-04 02:09:18,29,23.3
2019-04-04 02:19:18,29,23.1
2019-04-04 02:29:19,29,23.2
2019-04-04 02:39:19,29,23.2
2019-04-04 02:49:20,29,23
2019-04-04 02:59:20,29,23.1
2019-04-04 03:09:20,29,23.2
2019-04-04 03:19:21,29,23.2
2019-04-04 03:29:21,29,23.1
2019-04-04 03:39:21,29,23.1
2019-04-04 03:59:26,29,23
2019-04-04 04:09:27,29,23
2019-04-04 04:19:27,28,23
2019-04-04 04:29:27,28,22.9
2019-04-04 04:39:28,28,22.8
2019-04-04 04:49:28,28,22.7
2019-04-04 04:59:28,28,22.6
2019-04-04 05:09:29,28,22.6
2019-04-04 05:19:29,28,22.6
2019-04-04 05:29:29,28,22.3
2019-04-04 05:39:30,28,22.1
2019-04-04 05:49:30,28,22
2019-04-04 05:59:30,27,21.8
2019-04-04 06:09:31,27,21.9
2019-04-04 06:19:31,27,21.7
2019-04-04 06:29:31,27,21.6
2019-04-04 06:39:32,27,21.7
2019-04-04 06:49:32,27,21.5
2019-04-04 06:59:32,27,21.5
2019-04-04 07:09:33,27,21.3
2019-04-04 07:19:33,27,21.2
2019-04-04 07:29:33,27,21.1
2019-04-04 07:39:34,26,21
2019-04-04 07:49:34,26,21
2019-04-04 07:59:34,26,21
2019-04-04 08:09:35,26,20.9
2019-04-04 08:19:35,26,20.9
2019-04-04 08:29:35,26,20.9
2019-04-04 08:39:36,26,20.8
2019-04-04 08:49:36,26,20.7
2019-04-04 08:59:36,26,20.7
2019-04-04 09:09:37,25,20.7
2019-04-04 09:19:37,26,20.7
2019-04-04 09:29:37,26,20.6
2019-04-04 09:39:38,26,20.6
2019-04-04 09:49:38,25,20.7
2019-04-04 09:59:38,25,20.6
2019-04-04 10:09:39,25,20.6
2019-04-04 10:19:39,25,20.6
2019-04-04 10:29:39,25,20.7
2019-04-04 10:39:40,25,20.5
2019-04-04 10:49:40,25,20.6
2019-04-04 10:59:40,25,20.5
2019-04-04 11:09:41,25,20.5
2019-04-04 11:19:41,25,20.5
2019-04-04 11:29:42,24,20.4
2019-04-04 11:39:42,25,20.4
2019-04-04 11:49:42,25,20.4
2019-04-04 11:59:43,25,20.5
2019-04-05 12:09:43,24,20.3
2019-04-05 12:19:43,24,20.4
2019-04-05 12:29:43,24,20.3
2019-04-05 12:39:44,24,20.4
2019-04-05 12:49:44,24,20.3
2019-04-05 12:59:44,24,20.4
2019-04-05 01:09:45,24,20.3
2019-04-05 01:19:45,24,20.2
2019-04-05 01:29:46,24,20.2
2019-04-05 01:39:46,24,20.2
2019-04-05 01:49:46,24,20.3
2019-04-05 01:59:47,24,20.3
2019-04-05 02:09:47,24,20.3
2019-04-05 02:19:47,24,20.2
2019-04-05 02:29:48,24,20.3
2019-04-05 02:39:48,24,20.3
2019-04-05 02:49:48,24,20.3
2019-04-05 02:59:49,24,20.1
2019-04-05 03:09:49,23,20.2
2019-04-05 03:19:49,23,20.2
2019-04-05 03:29:50,23,20.1
2019-04-05 03:39:50,23,20.1
2019-04-05 03:49:50,23,20.1
2019-04-05 03:59:51,23,20.1
2019-04-05 04:09:51,23,20.2
2019-04-05 04:19:51,23,20.3
2019-04-05 04:29:52,23,20.2
2019-04-05 04:39:52,23,20.2
2019-04-05 04:49:53,23,20.2
2019-04-05 04:59:53,23,20.2
2019-04-05 05:09:53,23,20.2
2019-04-05 05:19:53,23,20.3
2019-04-05 05:29:54,23,20.3
2019-04-05 05:39:54,23,20.4
2019-04-05 05:49:54,23,20.5
2019-04-05 05:59:55,23,20.5
2019-04-05 06:09:55,23,20.7
2019-04-05 06:19:56,23,20.8
2019-04-05 06:29:56,22,20.9
2019-04-05 06:39:56,23,21
2019-04-05 06:49:56,23,21.1
2019-04-05 06:59:57,23,21.2
2019-04-05 07:09:57,23,21.3
2019-04-05 07:20:31,22,21.2
2019-04-05 07:30:03,23,21.5
2019-04-05 07:40:03,22,21.5
2019-04-05 07:50:04,23,21.6
2019-04-05 08:00:04,22,21.8
2019-04-05 08:10:05,23,21.9
2019-04-05 08:20:05,22,22
2019-04-05 08:30:05,22,22
2019-04-05 08:40:06,22,22.1
2019-04-05 08:50:06,22,22.1
2019-04-05 09:00:06,22,22.2
2019-04-05 09:10:07,22,22.2
2019-04-05 09:20:07,22,22.4
2019-04-05 09:30:08,22,22.2
2019-04-05 09:40:08,22,22.5
2019-04-05 09:50:09,22,22.7
2019-04-05 10:00:09,22,22.6
2019-04-05 10:10:09,22,22.8
2019-04-05 10:20:10,22,22.7
2019-04-05 10:30:10,22,22.7
2019-04-05 10:40:11,23,22.9
2019-04-05 10:50:11,22,22.8
2019-04-05 11:00:11,22,23
2019-04-05 11:10:12,23,23
2019-04-05 11:20:12,22,23.2
2019-04-05 11:30:12,22,23
2019-04-05 11:40:13,22,23.2
2019-04-05 11:50:13,22,23.3
2019-04-05 12:00:14,22,23
2019-04-05 12:10:14,22,23
2019-04-05 12:20:14,22,23.2
2019-04-05 12:30:15,22,23.3
2019-04-05 12:40:15,22,23.4
2019-04-05 12:50:15,22,23.3
2019-04-05 01:00:16,22,23.4
2019-04-05 01:10:16,22,23.3
2019-04-05 01:20:16,22,23.5
2019-04-05 01:30:17,22,23.4
2019-04-05 01:40:17,21,23.3
2019-04-05 01:50:18,21,23.3
2019-04-05 02:00:18,21,23.3
2019-04-05 02:10:18,21,23.4
2019-04-05 02:20:19,21,23.5
2019-04-05 02:30:19,21,23.5
2019-04-05 02:40:19,21,23.4
2019-04-05 02:50:20,21,23.4
2019-04-05 03:00:20,21,23.5
2019-04-05 03:10:20,21,23.3
2019-04-05 03:20:21,21,23.3
2019-04-05 03:30:21,21,23.4
2019-04-05 03:40:21,21,23.3
2019-04-05 03:50:22,21,23.2
2019-04-05 04:00:22,21,23.3
2019-04-05 04:10:22,20,23.1
2019-04-05 04:20:23,20,23
2019-04-05 04:30:23,20,23.1
2019-04-05 04:40:23,20,23.1
2019-04-05 04:50:24,20,23
2019-04-05 05:00:24,20,22.9
2019-04-05 05:10:24,20,23
2019-04-05 05:20:25,20,22.7
2019-04-05 05:30:25,20,22.8
2019-04-05 05:40:25,20,22.6
2019-04-05 05:50:26,20,22.3
2019-04-05 06:00:26,20,22.1
2019-04-05 06:10:26,20,22
2019-04-05 06:20:27,20,21.9
2019-04-05 06:30:27,20,22.1
2019-04-05 06:40:28,20,21.8
2019-04-05 06:50:28,20,21.7
2019-04-05 07:00:28,20,21.6
2019-04-05 07:10:29,20,21.5
2019-04-05 07:20:29,20,21.4
2019-04-05 07:30:29,20,21.3
2019-04-05 07:40:30,20,21.4
2019-04-05 07:50:30,20,21.4
2019-04-05 08:00:30,19,21.4
2019-04-05 08:10:31,19,21.4
2019-04-05 08:20:31,19,21.2
2019-04-05 08:30:31,19,21.2
2019-04-05 08:40:32,19,21.1
2019-04-05 08:50:32,19,21.1
2019-04-05 09:00:32,18,21.1
2019-04-05 09:10:32,18,21
2019-04-05 09:20:33,18,21
2019-04-05 09:30:33,18,20.9
2019-04-05 09:40:33,18,20.8
2019-04-05 09:50:34,18,20.9
2019-04-05 10:00:34,18,20.9
2019-04-05 10:10:34,18,20.7
2019-04-05 10:20:35,18,20.8
2019-04-05 10:30:35,18,20.7
2019-04-05 10:40:35,18,20.8
2019-04-05 10:50:36,17,20.7
2019-04-05 11:00:36,18,20.7
2019-04-05 11:10:37,18,20.6
2019-04-05 11:20:37,17,20.5
2019-04-05 11:30:37,17,20.5
2019-04-05 11:40:38,17,20.5
2019-04-05 11:50:38,17,20.4
2019-04-06 12:00:38,17,20.4
2019-04-06 12:10:39,17,20.4
2019-04-06 12:20:39,17,20.4
2019-04-06 12:30:39,17,20.4
2019-04-06 12:40:40,17,20.5
2019-04-06 12:50:40,17,20.5
2019-04-06 01:00:40,17,20.4
2019-04-06 01:10:41,17,20.4
2019-04-06 01:20:41,17,20.4
2019-04-06 01:30:41,17,20.4
2019-04-06 01:40:42,17,20.4
2019-04-06 01:50:42,18,20.4
2019-04-06 02:00:42,17,20.3
2019-04-06 02:10:43,17,20.4
2019-04-06 02:20:43,17,20.3
2019-04-06 02:30:44,17,20.2
2019-04-06 02:50:45,16,20.2
2019-04-06 03:00:46,17,20.2
2019-04-06 03:10:46,16,20.2
2019-04-06 03:20:46,16,20.2
2019-04-06 03:30:47,16,20.2
2019-04-06 03:40:47,16,20.3
2019-04-06 03:50:47,16,20.2
2019-04-06 04:00:48,16,20.2
2019-04-06 04:10:48,16,20.2
2019-04-06 04:20:48,15,20.3
2019-04-06 04:30:49,16,20.2
2019-04-06 04:40:49,16,20.2
2019-04-06 04:50:49,16,20.1
2019-04-06 05:00:50,16,20.3
2019-04-06 05:10:50,16,20.4
2019-04-06 05:20:51,16,20.4
2019-04-06 05:30:51,16,20.3
2019-04-06 05:40:51,16,20.5
2019-04-06 05:50:51,15,20.4
2019-04-06 06:00:52,15,20.6
2019-04-06 06:10:52,15,20.7
2019-04-06 06:20:52,15,20.6
2019-04-06 06:30:53,15,20.8
2019-04-06 06:40:53,15,20.8
2019-04-06 06:50:53,15,21
2019-04-06 07:00:54,15,20.9
2019-04-06 07:10:54,15,21.2
2019-04-06 07:20:54,15,21.3
2019-04-06 07:30:55,15,21.3
2019-04-06 07:40:55,15,21.4
2019-04-06 07:50:55,15,21.4
2019-04-06 08:00:56,15,21.6
2019-04-06 08:10:56,15,21.7
2019-04-06 08:20:56,15,21.8
2019-04-06 08:30:57,15,22
2019-04-06 08:40:57,15,21.9
2019-04-06 08:50:57,15,21.9
2019-04-06 09:00:58,15,22.2
2019-04-06 09:10:58,14,22.3
2019-04-06 09:20:58,14,22.3
2019-04-06 09:30:59,15,22.4
2019-04-06 09:40:59,15,22.5
2019-04-06 09:50:59,14,22.6
2019-04-06 10:01:00,14,22.7
2019-04-06 10:11:00,14,22.8
2019-04-06 10:21:00,14,22.8
2019-04-06 10:31:01,14,22.8
2019-04-06 10:41:01,14,22.9
2019-04-06 10:51:01,14,23
2019-04-06 11:01:02,14,23
2019-04-06 11:11:02,14,23.1
2019-04-06 11:21:03,14,23.1
2019-04-06 11:31:03,14,23.2
2019-04-06 11:41:03,14,23.2
2019-04-06 11:51:03,14,23.3
2019-04-06 12:01:04,14,23.3
2019-04-06 12:11:04,14,23.4
2019-04-06 12:21:05,14,23.4
2019-04-06 12:31:05,14,23.4
2019-04-06 12:41:05,14,23.4
2019-04-06 12:51:06,14,23.4
2019-04-06 01:01:06,14,23.4
2019-04-06 01:11:06,14,23.5
2019-04-06 01:21:06,14,23.4
2019-04-06 01:31:07,14,23.5
2019-04-06 01:41:07,14,23.5
2019-04-06 01:51:07,14,23.5
2019-04-06 02:01:08,14,23.5
2019-04-06 02:11:08,13,23.5
2019-04-06 02:21:08,13,23.5
2019-04-06 02:31:09,13,23.5
2019-04-06 02:41:09,13,23.5
2019-04-06 02:51:09,13,23.4
2019-04-06 03:01:10,13,23.4
2019-04-06 03:11:10,13,23.4
2019-04-06 03:21:10,13,23.3
2019-04-06 03:31:11,13,23.3
2019-04-06 03:41:11,13,23.2
2019-04-06 03:51:11,13,23.1
2019-04-06 04:01:12,13,23.2
2019-04-06 04:11:12,13,23.2
2019-04-06 04:21:12,13,23.1
2019-04-06 04:31:13,13,23
2019-04-06 04:41:13,12,23.1
2019-04-06 04:51:13,12,23.1
2019-04-06 05:01:14,12,23.1
2019-04-06 05:11:14,12,22.9
2019-04-06 05:21:14,12,22.8
2019-04-06 05:31:15,12,22.6
2019-04-06 05:41:15,12,22.4
2019-04-06 05:51:15,12,22.3
2019-04-06 06:01:16,12,22.2
2019-04-06 06:11:16,12,22
2019-04-06 06:21:16,11,21.9
2019-04-06 06:31:17,11,21.9
2019-04-06 06:41:17,11,21.7
2019-04-06 06:51:17,11,21.8
2019-04-06 07:01:18,11,21.8
2019-04-06 07:11:18,11,21.7
2019-04-06 07:21:18,11,21.5
2019-04-06 07:31:19,11,21.5
2019-04-06 07:41:19,11,21.4
2019-04-06 07:51:19,11,21.5
2019-04-06 08:01:20,11,21.4
2019-04-06 08:11:20,11,21.3
2019-04-06 08:21:20,11,21.3
2019-04-06 08:31:21,11,21.2
2019-04-06 08:41:21,11,21.2
2019-04-06 08:51:21,11,21.2
2019-04-06 09:01:22,10,21
2019-04-06 09:11:22,10,21
2019-04-06 09:21:23,10,21
2019-04-06 09:31:23,10,20.9
2019-04-06 09:41:23,10,20.9
2019-04-06 09:51:24,10,20.9
2019-04-06 10:01:24,9,20.9
2019-04-06 10:11:24,10,20.9
2019-04-06 10:21:24,10,20.8
2019-04-06 10:31:25,10,20.8
2019-04-06 10:41:25,10,20.9
2019-04-06 10:51:26,10,20.8
2019-04-06 11:01:26,10,20.8
2019-04-06 11:11:26,9,20.9
2019-04-06 11:21:26,9,20.8
2019-04-06 11:31:27,9,20.8
2019-04-06 11:41:27,9,20.8
2019-04-06 11:51:28,9,20.8
2019-04-07 12:01:28,9,20.7
2019-04-07 12:11:28,9,20.6
2019-04-07 12:21:29,9,20.7
2019-04-07 12:31:29,9,20.7
2019-04-07 12:41:29,9,20.6
2019-04-07 12:51:29,9,20.6
2019-04-07 01:01:30,9,20.6
2019-04-07 01:11:33,9,20.6
2019-04-07 01:21:33,9,20.6
2019-04-07 01:31:34,9,20.6
2019-04-07 01:42:34,9,20.5
2019-04-07 01:51:39,9,20.6
2019-04-07 02:01:39,9,20.6
2019-04-07 02:11:40,9,20.5
2019-04-07 02:21:40,9,20.4
2019-04-07 02:31:40,8,20.5
2019-04-07 02:41:41,8,20.5
2019-04-07 02:51:41,9,20.3
2019-04-07 03:01:42,9,20.3
2019-04-07 03:11:42,9,20.3
2019-04-07 03:21:42,9,20.3
2019-04-07 03:31:43,8,20.3
2019-04-07 03:41:43,9,20.3
2019-04-07 03:51:44,8,20.2
2019-04-07 04:01:44,9,20.3
2019-04-07 04:11:44,8,20.2
2019-04-07 04:21:45,8,20.2
2019-04-07 04:31:45,8,20.2
2019-04-07 04:41:45,8,20.2
2019-04-07 04:51:46,8,20.3
2019-04-07 05:01:46,8,20.3
2019-04-07 05:11:46,8,20.5
2019-04-07 05:21:47,8,20.5
2019-04-07 05:31:47,8,20.5
2019-04-07 05:41:48,8,20.7
2019-04-07 05:51:48,8,20.9
2019-04-07 06:01:48,8,20.8
2019-04-07 06:11:49,8,20.9
2019-04-07 06:21:49,8,21
2019-04-07 06:31:49,8,21.1
2019-04-07 06:41:49,7,21.1
2019-04-07 06:51:50,7,21.2
2019-04-07 07:01:50,7,21.2
2019-04-07 07:11:50,7,21
2019-04-07 07:21:51,7,21.1
2019-04-07 07:31:51,7,21.4
2019-04-07 07:41:52,7,21.4
2019-04-07 07:51:52,7,21.7
2019-04-07 08:01:52,7,21.7
2019-04-07 08:11:52,7,21.9
2019-04-07 08:21:53,7,22
2019-04-07 08:31:53,7,22.2
2019-04-07 08:41:53,7,22.2
2019-04-07 08:51:54,7,22.1
2019-04-07 09:01:54,7,22.1
2019-04-07 09:11:54,7,22.4
2019-04-07 09:21:55,7,22.3
2019-04-07 09:31:55,7,22.4
2019-04-07 09:41:56,6,22.6
2019-04-07 09:51:56,6,22.6
2019-04-07 10:01:56,7,22.7
2019-04-07 10:11:56,7,22.8
2019-04-07 10:21:57,7,22.9
2019-04-07 10:31:57,6,22.9
2019-04-07 10:41:57,6,23
2019-04-07 10:51:58,7,23
2019-04-07 11:01:58,6,23
2019-04-07 11:11:58,6,23.2
2019-04-07 11:21:59,6,23.2
2019-04-07 11:31:59,6,23.3
2019-04-07 11:41:59,6,23.4
2019-04-07 11:52:00,6,23.4
2019-04-07 12:02:00,6,23.4
2019-04-07 12:12:00,6,23.5
2019-04-07 12:22:01,6,23.5
2019-04-07 12:32:01,6,23.6
2019-04-07 12:42:01,6,23.6
2019-04-07 12:52:02,6,23.7
2019-04-07 01:02:02,6,23.6
2019-04-07 01:12:02,6,23.7
2019-04-07 01:22:03,6,23.6
2019-04-07 01:32:03,6,23.6
2019-04-07 01:42:03,6,23.6
2019-04-07 01:52:04,5,23.5
2019-04-07 02:02:04,5,23.5
2019-04-07 02:12:04,5,23.4
2019-04-07 02:22:05,5,23.4
2019-04-07 02:32:05,5,23.3
2019-04-07 02:42:05,5,23.3
2019-04-07 02:52:06,5,23.4
2019-04-07 03:02:06,5,23.3
2019-04-07 03:12:07,5,23.2
2019-04-07 03:22:07,5,23.2
2019-04-07 03:32:07,5,23.1
2019-04-07 03:42:07,5,23.1
2019-04-07 03:52:08,5,23
2019-04-07 04:02:08,5,23.1
2019-04-07 04:12:08,5,23
2019-04-07 04:22:09,5,23
2019-04-07 04:32:09,5,22.8
2019-04-07 04:42:10,5,22.8
2019-04-07 04:52:10,5,22.7
2019-04-07 05:02:10,5,22.6
2019-04-07 05:12:11,5,22.2
2019-04-07 05:22:11,5,22.3
2019-04-07 05:32:11,4,22.2
2019-04-07 05:42:12,4,22.3
2019-04-07 05:52:12,4,22.3
2019-04-07 06:02:12,4,22.1
2019-04-07 06:12:13,4,22
2019-04-07 06:22:13,4,22.2
2019-04-07 06:32:13,4,22
2019-04-07 06:42:14,4,21.9
2019-04-07 06:52:14,4,22
2019-04-07 07:02:14,4,21.8
2019-04-07 07:12:15,4,21.7
2019-04-07 07:22:15,4,21.7
2019-04-07 07:32:15,4,21.6
2019-04-07 07:42:16,4,21.6
2019-04-07 07:52:16,4,21.6
2019-04-07 08:02:16,4,21.5
2019-04-07 08:12:17,4,21.5
2019-04-07 08:22:17,4,21.4
2019-04-07 08:32:17,4,21.4
2019-04-07 08:42:18,3,21.4
2019-04-07 08:52:18,3,21.4
2019-04-07 09:02:18,3,21.4
2019-04-07 09:12:19,3,21.2
2019-04-07 09:22:19,3,21.2
2019-04-07 09:32:19,3,21.2
2019-04-07 09:42:20,3,21.1
2019-04-07 09:52:20,3,21.1
2019-04-07 10:02:20,3,21.2
2019-04-07 10:12:21,3,21.1
2019-04-07 10:22:21,3,21
2019-04-07 10:32:21,3,21
2019-04-07 10:42:22,3,21.1
2019-04-07 10:52:22,3,20.9
2019-04-07 11:02:23,3,20.9
2019-04-07 11:12:23,2,20.9
2019-04-07 11:22:23,3,21
2019-04-07 11:32:24,3,20.8
2019-04-07 11:42:24,3,20.9
2019-04-07 11:52:24,3,20.8
2019-04-08 12:02:25,2,20.8
2019-04-08 12:12:25,3,20.7
2019-04-08 12:22:25,3,20.8
2019-04-08 12:32:26,3,20.8
2019-04-08 12:42:26,3,20.8
2019-04-08 12:52:26,2,20.7
2019-04-08 01:02:27,2,20.8
2019-04-08 01:12:27,2,20.9
2019-04-08 01:22:27,2,20.7
2019-04-08 01:32:28,2,20.8
2019-04-08 01:42:28,2,20.7
2019-04-08 01:52:28,2,20.7
2019-04-08 02:02:29,2,20.7
2019-04-08 02:12:29,2,20.7
2019-04-08 02:22:29,2,20.7
2019-04-08 02:32:30,2,20.7
2019-04-08 02:42:30,2,20.7
2019-04-08 02:52:31,2,20.6
2019-04-08 03:02:31,2,20.6
2019-04-08 03:12:31,2,20.8
2019-04-08 03:22:32,2,20.7
2019-04-08 03:32:32,2,20.7
2019-04-08 03:42:32,2,20.7
2019-04-08 03:52:33,2,20.7
2019-04-08 04:02:33,2,20.7
2019-04-08 04:12:33,2,20.7
2019-04-08 04:22:34,1,20.6
2019-04-08 04:32:34,2,20.7
2019-04-08 04:42:34,2,20.6
2019-04-08 04:52:35,2,20.6
2019-04-08 05:02:35,2,20.7
2019-04-08 05:12:35,2,20.6
2019-04-08 05:22:36,2,20.7
2019-04-08 05:32:36,2,20.7
2019-04-08 05:42:36,2,20.8
2019-04-08 05:52:37,2,20.7
2019-04-08 06:02:37,2,20.7
2019-04-08 06:12:37,2,20.7
2019-04-08 06:22:38,2,20.7
2019-04-08 06:32:38,1,20.8
2019-04-08 06:42:38,1,20.8
2019-04-08 06:52:39,1,20.8
2019-04-08 07:02:39,1,20.8
2019-04-08 07:12:39,1,20.8
2019-04-08 07:22:40,1,20.8
2019-04-08 07:32:40,1,21
2019-04-08 07:52:45,1,21.9
2019-04-08 08:02:46,1,22.5
2019-04-08 08:12:46,2,21.8
2019-04-08 08:22:47,2,21.7
2019-04-08 08:32:47,2,21.8
2019-04-08 08:42:47,2,21.8
2019-04-08 08:52:48,2,21.8
2019-04-08 09:02:48,2,21.8
2019-04-08 09:12:48,2,21.6
2019-04-08 09:22:49,2,21.7
2019-04-08 09:32:49,2,21.9
2019-04-08 09:42:49,2,21.6
2019-04-08 09:52:50,2,21.6
2019-04-08 10:02:50,2,21.4
2019-04-08 10:12:50,2,21.4
2019-04-08 10:22:51,2,21.3
2019-04-08 10:32:51,2,21.6
2019-04-08 10:42:51,2,21.4
2019-04-08 10:52:52,2,21.3
2019-04-08 11:02:52,2,21.3
2019-04-08 11:12:53,2,21.4
2019-04-08 11:22:53,2,21.3
2019-04-08 11:32:53,2,21.4
2019-04-08 11:42:54,2,21.4
2019-04-08 11:52:54,2,21.4
2019-04-08 12:02:54,2,21.4
2019-04-08 12:12:55,2,21.4
2019-04-08 12:22:55,2,21.5
2019-04-08 12:32:56,2,21.4
2019-04-08 12:42:56,2,21.5
2019-04-08 12:52:56,2,21.4
2019-04-08 01:02:57,2,21.4
2019-04-08 01:12:57,2,21.3
2019-04-08 01:22:57,2,21.3
2019-04-08 01:32:58,2,21.2
2019-04-08 01:42:58,2,21.3
2019-04-08 01:52:58,2,21.2
2019-04-08 02:02:59,2,21.1
2019-04-08 02:12:59,2,21.1
2019-04-08 02:23:00,2,21.1
2019-04-08 02:33:00,2,21.1
2019-04-08 02:43:00,2,21.1
2019-04-08 02:53:01,2,21
2019-04-08 03:03:01,2,21.1
2019-04-08 03:13:01,2,21
2019-04-08 03:23:02,2,21
2019-04-08 03:33:02,2,21
2019-04-08 03:43:02,2,21
2019-04-08 03:53:03,2,21
2019-04-08 04:03:03,2,20.9
2019-04-08 04:13:03,2,20.9
2019-04-08 04:23:04,2,20.8
2019-04-08 04:33:04,1,20.9
2019-04-08 04:43:04,1,21
2019-04-08 04:53:05,1,20.9
2019-04-08 05:03:05,1,21
2019-04-08 05:13:05,1,21
2019-04-08 05:23:06,1,21
2019-04-08 05:33:06,1,20.9
2019-04-08 05:43:06,1,21
2019-04-08 05:53:07,1,21
2019-04-08 06:03:07,1,21.1
2019-04-08 06:13:07,1,21
2019-04-08 06:23:08,1,21
2019-04-08 06:33:08,1,21.1
2019-04-08 06:43:08,1,21
2019-04-08 06:53:09,1,21
2019-04-08 07:03:09,1,21
2019-04-08 07:13:09,1,21
2019-04-08 07:23:10,1,21
2019-04-08 07:33:10,1,20.9
2019-04-08 07:43:10,1,20.8
2019-04-08 07:53:11,1,20.8
2019-04-08 08:03:11,1,20.8
2019-04-08 08:13:11,1,20.7
2019-04-08 08:23:12,1,20.7
2019-04-08 08:33:12,1,20.6
2019-04-08 08:43:12,1,20.7
2019-04-08 08:53:13,1,20.6
2019-04-08 09:03:13,1,20.6
2019-04-08 09:13:13,1,20.6
2019-04-08 09:23:14,1,20.6
2019-04-08 09:33:14,1,20.6
2019-04-08 09:43:14,1,20.5
2019-04-08 09:53:15,1,20.4
2019-04-08 10:03:15,1,20.5
2019-04-08 10:13:15,1,20.5
2019-04-08 10:23:16,0,20.5
2019-04-08 10:33:16,1,20.4
2019-04-08 10:43:17,0,20.4
2019-04-08 10:53:17,0,20.4
2019-04-08 11:03:17,0,20.5
2019-04-08 11:13:18,0,20.4
2019-04-08 11:23:18,0,20.3
2019-04-08 11:33:18,0,20.4
2019-04-08 11:43:19,0,20.5
2019-04-08 11:53:19,0,20.5
2019-04-09 12:03:19,0,20.5
2019-04-09 12:13:20,0,20.4
2019-04-09 12:23:20,0,20.3
2019-04-09 12:33:20,0,20.3
2019-04-09 12:43:21,0,20.4
2019-04-09 12:53:21,0,20.4
2019-04-09 01:03:21,0,20.3
2019-04-09 01:13:22,0,20.3
2019-04-09 01:23:22,0,20.3
2019-04-09 01:33:22,0,20.3
2019-04-09 01:43:23,0,20.3
2019-04-09 01:53:23,0,20.3
2019-04-09 02:03:23,0,20.2
2019-04-09 02:13:24,0,20.3
2019-04-09 02:23:24,0,20.3
2019-04-09 02:33:24,0,20.3
2019-04-09 02:43:25,0,20.3
2019-04-09 02:53:25,0,20.2
2019-04-09 03:03:25,0,20.3
2019-04-09 03:13:26,0,20.3
2019-04-09 03:23:26,0,20.2
2019-04-09 03:33:26,0,20.3
2019-04-09 03:43:27,0,20.3
2019-04-09 03:53:27,0,20.3
2019-04-09 04:03:28,0,20.3
2019-04-09 04:13:28,0,20.3
2019-04-09 04:23:28,0,20.2
2019-04-09 04:33:29,0,20.3
2019-04-09 04:43:29,0,20.3
2019-04-09 04:53:29,0,20.3
2019-04-09 05:03:30,0,20.3
2019-04-09 05:13:30,0,20.3
2019-04-09 05:23:30,0,20.3
2019-04-09 05:33:31,0,20.3
2019-04-09 05:43:31,0,20.4
2019-04-09 05:53:31,0,20.3
2019-04-09 06:03:32,0,20.4
2019-04-09 06:13:32,0,20.3
2019-04-09 06:23:32,0,20.5
2019-04-09 06:33:33,0,20.4
2019-04-09 06:43:33,0,20.5
2019-04-09 06:53:33,0,20.4
2019-04-09 07:03:34,0,20.4
2019-04-09 07:13:34,0,20.5
2019-04-09 07:23:34,0,20.6
2019-04-09 07:33:35,0,20.7
2019-04-09 07:43:35,0,20.7
2019-04-09 07:53:36,0,20.7
2019-04-09 08:03:36,0,20.8
2019-04-09 08:13:36,0,20.8
2019-04-09 08:23:37,0,20.8
2019-04-09 08:33:37,0,20.9
2019-04-09 08:43:38,0,20.8
2019-04-09 08:53:38,0,20.8
2019-04-09 09:03:38,0,20.9
2019-04-09 09:13:39,0,20.9
2019-04-09 09:23:39,0,20.8
2019-04-09 09:33:39,0,20.9
2019-04-09 09:43:40,0,20.9
2019-04-09 09:53:40,0,20.9
2019-04-09 10:03:41,0,20.9
2019-04-09 10:13:41,0,20.9
2019-04-09 10:23:41,0,21
2019-04-09 10:33:42,0,21
2019-04-09 10:43:42,0,21.1
2019-04-09 10:53:42,0,21.1
2019-04-09 11:03:43,0,21.2
2019-04-09 11:13:43,0,21.2
2019-04-09 11:23:44,0,21.3
2019-04-09 11:33:44,0,21.4
2019-04-09 11:43:44,0,21.4
2019-04-09 11:53:45,0,21.4
2019-04-09 12:03:45,0,21.3
2019-04-09 12:13:45,0,21.3
2019-04-09 12:23:46,0,21.4
2019-04-09 12:33:46,0,21.6
2019-04-09 12:43:46,0,21.6
2019-04-09 12:53:47,0,21.7
2019-04-09 01:03:47,0,21.8
2019-04-09 01:13:47,0,21.7
2019-04-09 01:23:48,0,21.9
2019-04-09 01:33:48,0,21.9
2019-04-09 01:43:49,0,21.9
2019-04-09 01:53:49,0,22
2019-04-09 02:03:49,0,22
2019-04-09 02:13:50,0,21.9
2019-04-09 02:23:50,0,21.6
2019-04-09 02:33:50,0,21.6
2019-04-09 02:43:51,0,21.7
2019-04-09 02:53:51,0,21.7
2019-04-09 03:03:52,0,21.6
2019-04-09 03:13:52,0,21.7
2019-04-09 03:23:52,0,21.7
2019-04-09 03:33:53,0,21.8
2019-04-09 03:43:53,0,21.7
2019-04-09 03:53:53,0,21.7
2019-04-09 04:03:54,0,21.6
2019-04-09 04:13:54,0,21.6
2019-04-09 04:23:54,0,21.6
2019-04-09 04:33:55,0,21.5
2019-04-09 04:43:55,0,21.4
2019-04-09 04:53:56,0,21.4
2019-04-09 05:03:56,0,21.3
2019-04-09 05:13:56,0,21.4
2019-04-09 05:23:57,0,21.3
2019-04-09 05:33:57,0,21.4
2019-04-09 05:43:58,0,21.4
2019-04-09 05:53:58,0,21.4
2019-04-09 06:03:58,0,21.4
2019-04-09 06:13:59,0,21.4
2019-04-09 06:23:59,0,21.3
2019-04-09 06:33:59,0,21.3
2019-04-09 06:44:00,0,21.3
2019-04-09 06:54:00,0,21.3
2019-04-09 07:04:01,0,21.3
2019-04-09 07:14:01,0,21.2
2019-04-09 07:24:01,0,21.2
2019-04-09 07:34:02,0,21.1
2019-04-09 07:44:02,0,21
2019-04-09 07:54:02,0,20.9
2019-04-09 08:04:03,0,20.8
2019-04-09 08:14:03,0,20.7
2019-04-09 08:24:04,0,20.7
2019-04-09 08:34:04,0,20.6
2019-04-09 08:44:05,0,20.5
2019-04-09 08:54:05,0,20.5
2019-04-09 09:04:06,0,20.5
2019-04-09 09:14:07,0,20.5
2019-04-09 09:24:07,0,20.4
2019-04-09 09:34:07,0,20.3
2019-04-09 09:44:08,0,20.3
2019-04-09 09:54:08,0,20.3
2019-04-09 10:04:09,0,20.3
2019-04-09 10:14:09,0,20.3
2019-04-09 10:24:09,0,20.2
2019-04-09 10:34:10,0,20.2
2019-04-09 10:44:10,0,20.2
2019-04-09 10:54:11,0,20.2
2019-04-09 11:04:11,0,20.1
2019-04-09 11:14:12,0,20.1
2019-04-09 11:24:13,0,20.1
2019-04-09 11:34:13,0,20.1
2019-04-09 11:44:13,0,20.1
2019-04-09 11:54:14,0,20.1
2019-04-10 12:04:14,0,20.1
2019-04-10 12:14:15,0,20.1
2019-04-10 12:24:15,0,20
2019-04-10 12:34:16,0,20
2019-04-10 12:44:16,0,19.9
2019-04-10 12:54:17,0,20
2019-04-10 01:04:18,0,20
2019-04-10 01:14:18,0,19.9
2019-04-10 01:24:18,0,19.9
2019-04-10 01:34:20,0,19.9
2019-04-10 01:44:20,0,19.9
2019-04-10 01:54:21,0,19.9
2019-04-10 02:04:21,0,19.9
2019-04-10 02:14:22,0,19.8
2019-04-10 02:24:22,0,19.8
2019-04-10 02:34:22,0,19.8
2019-04-10 02:44:23,0,19.8
2019-04-10 02:54:23,0,19.8
2019-04-10 03:04:24,0,19.8
2019-04-10 03:14:24,0,19.8
2019-04-10 03:24:25,0,19.7
2019-04-10 03:34:25,0,19.8
2019-04-10 03:44:26,0,19.8
2019-04-10 03:54:26,0,19.7
2019-04-10 04:04:27,0,19.8
2019-04-10 04:14:27,0,19.8
2019-04-10 04:24:28,0,19.8
2019-04-10 04:34:28,0,19.8
2019-04-10 04:44:28,0,19.7
2019-04-10 04:54:29,0,19.8
2019-04-10 05:04:29,0,19.8
2019-04-10 05:14:30,0,19.8
2019-04-10 05:24:30,0,19.8
2019-04-10 05:34:30,0,19.8
2019-04-10 05:44:31,0,19.9
2019-04-10 05:54:31,0,19.9
2019-04-10 06:04:32,0,19.9
2019-04-10 06:14:32,0,19.9
2019-04-10 06:24:32,0,19.9
2019-04-10 06:34:33,0,20
2019-04-10 06:44:33,0,20
2019-04-10 06:54:33,0,20
2019-04-10 07:04:34,0,20.1
2019-04-10 07:14:34,0,20.2
2019-04-10 07:24:35,0,20.1
2019-04-10 07:34:35,0,20.2
2019-04-10 07:44:35,0,20.2
2019-04-10 07:54:36,0,20.2
2019-04-10 08:04:36,0,20.2
2019-04-10 08:14:36,0,20.2
2019-04-10 08:24:37,0,20.3
2019-04-10 08:34:37,0,20.3
2019-04-10 08:44:37,0,20.4
2019-04-10 08:54:38,0,20.4
2019-04-10 09:04:38,0,20.4
2019-04-10 09:14:39,0,20.4
2019-04-10 09:24:39,0,20.4
2019-04-10 09:34:39,0,20.5
2019-04-10 09:44:40,0,20.6
2019-04-10 09:54:41,0,20.6
2019-04-10 10:04:41,0,20.7
2019-04-10 10:14:42,0,20.6
2019-04-10 10:24:42,0,20.7
2019-04-10 10:34:43,0,20.7
2019-04-10 10:44:43,0,20.7
2019-04-10 10:54:43,0,20.8
2019-04-10 11:04:44,0,20.8
2019-04-10 11:14:44,0,20.9
2019-04-10 11:24:45,0,20.9
2019-04-10 11:34:45,0,20.9
2019-04-10 11:44:45,0,20.9
2019-04-10 11:54:46,0,20.9
2019-04-10 12:04:46,0,21
2019-04-10 12:14:47,0,20.9
2019-04-10 12:24:47,0,20.9
2019-04-10 12:34:47,0,20.9
2019-04-10 12:44:48,0,20.9
2019-04-10 12:54:48,0,20.9
2019-04-10 01:04:48,0,20.9
2019-04-10 01:14:49,0,21
2019-04-10 01:24:49,0,20.9
2019-04-10 01:34:50,0,20.9
2019-04-10 01:44:50,0,20.9
2019-04-10 01:54:50,0,20.9
2019-04-10 02:04:51,0,20.9
2019-04-10 02:14:51,0,20.8
2019-04-10 02:24:52,0,20.8
2019-04-10 02:34:52,0,20.9
2019-04-10 02:44:52,0,20.8
2019-04-10 02:54:53,0,20.9
2019-04-10 03:04:53,0,20.7
2019-04-10 03:14:54,0,20.8
2019-04-10 03:24:54,0,20.7
2019-04-10 03:34:54,0,20.6
2019-04-10 03:44:55,0,20.6
2019-04-10 03:54:55,0,20.5
2019-04-10 04:04:55,0,20.5
2019-04-10 04:14:56,0,20.5
2019-04-10 04:24:56,0,20.5
2019-04-10 04:34:56,0,20.5
2019-04-10 04:44:57,0,20.6
2019-04-10 04:54:57,0,20.6
2019-04-10 05:04:57,0,20.5
2019-04-10 05:14:58,0,20.6
2019-04-10 05:24:58,0,20.6
2019-04-10 05:34:58,0,20.5
2019-04-10 05:44:59,0,20.5
2019-04-10 05:54:59,0,20.5
2019-04-10 06:05:00,0,20.5
2019-04-10 06:15:00,0,20.5
2019-04-10 06:25:00,0,20.5
2019-04-10 06:35:01,0,20.5
2019-04-10 06:45:01,0,20.4
2019-04-10 06:55:01,0,20.5
2019-04-10 07:05:02,0,20.3
2019-04-10 07:15:02,0,20.3
2019-04-10 07:25:03,0,20.3
2019-04-10 07:35:03,0,20.2
2019-04-10 07:45:03,0,20.2
2019-04-10 07:55:04,0,20.1
2019-04-10 08:05:04,0,20
2019-04-10 08:15:05,0,20
2019-04-10 08:25:05,0,20
2019-04-10 08:35:06,0,19.9
2019-04-10 08:45:06,0,20
2019-04-10 08:55:06,0,19.9
2019-04-10 09:05:07,0,19.9
2019-04-10 09:15:07,0,19.9
2019-04-10 09:25:08,0,19.8
2019-04-10 09:35:08,0,19.8
2019-04-10 09:45:09,0,19.8
2019-04-10 10:05:10,0,19.8
2019-04-10 10:15:10,0,19.7
2019-04-10 10:25:10,0,19.7
2019-04-10 10:35:11,0,19.7
2019-04-10 10:45:11,0,19.7
2019-04-10 10:55:12,0,19.7
2019-04-10 11:05:12,0,19.7
2019-04-10 11:15:12,0,19.7
2019-04-10 11:25:13,0,19.6
2019-04-10 11:35:13,0,19.6
2019-04-10 11:45:14,0,19.6
2019-04-10 11:55:14,0,19.6
2019-04-11 12:05:15,0,19.6
2019-04-11 12:15:15,0,19.6
2019-04-11 12:25:16,0,19.5
2019-04-11 12:35:16,0,19.5
2019-04-11 12:45:16,0,19.5
2019-04-11 12:55:17,0,19.5
2019-04-11 01:05:17,0,19.5
2019-04-11 01:15:18,0,19.5
2019-04-11 01:25:18,0,19.4
2019-04-11 01:35:19,0,19.5
2019-04-11 01:45:19,0,19.5
2019-04-11 01:55:19,0,19.5
2019-04-11 02:05:20,0,19.4
2019-04-11 02:15:20,0,19.4
2019-04-11 02:25:21,0,19.4
2019-04-11 02:35:21,0,19.4
2019-04-11 02:45:22,0,19.4
2019-04-11 02:55:22,0,19.4
2019-04-11 03:05:23,0,19.4
2019-04-11 03:15:23,0,19.4
2019-04-11 03:25:23,0,19.4
2019-04-11 03:35:24,0,19.5
2019-04-11 03:45:24,0,19.4
2019-04-11 03:55:25,0,19.5
2019-04-11 04:05:25,0,19.4
2019-04-11 04:15:26,0,19.5
2019-04-11 04:25:26,0,19.4
2019-04-11 04:35:27,0,19.5
2019-04-11 04:45:27,0,19.5
2019-04-11 04:55:27,0,19.6
2019-04-11 05:05:28,0,19.5
2019-04-11 05:15:28,0,19.6
2019-04-11 05:25:29,0,19.7
2019-04-11 05:35:29,0,19.6
2019-04-11 05:45:29,0,19.7
2019-04-11 05:55:30,0,19.8
2019-04-11 06:05:30,0,19.8
2019-04-11 06:15:31,0,19.9
2019-04-11 06:25:31,0,19.9
2019-04-11 06:35:32,0,20
2019-04-11 06:45:32,0,20.1
2019-04-11 06:55:32,0,20.2
2019-04-11 07:05:33,0,20.3
2019-04-11 07:15:33,0,20.5
2019-04-11 07:25:34,0,20.5
2019-04-11 07:35:34,0,20.5
2019-04-11 07:45:34,0,20.6
2019-04-11 07:55:35,0,20.5
2019-04-11 08:05:35,0,20.6
2019-04-11 08:15:36,0,20.8
2019-04-11 08:25:36,0,20.9
2019-04-11 08:35:37,0,20.9
2019-04-11 08:45:37,0,21.1
2019-04-11 08:55:37,0,21.3
2019-04-11 09:05:38,0,21.3
2019-04-11 09:15:38,0,21.5
2019-04-11 09:25:38,0,21.5
2019-04-11 09:35:39,0,21.6
2019-04-11 09:45:39,0,21.7
2019-04-11 09:55:40,0,21.6
2019-04-11 10:05:40,0,21.6
2019-04-11 10:15:40,0,21.8
2019-04-11 10:25:41,0,22
2019-04-11 10:35:41,0,22.2
2019-04-11 10:45:42,0,22.3
2019-04-11 10:55:42,0,22.3
2019-04-11 11:05:42,0,22.4
2019-04-11 11:15:43,0,22.3
2019-04-11 11:25:43,0,22.5
2019-04-11 11:35:43,0,22.4
2019-04-11 11:45:44,0,22.5
2019-04-11 11:55:44,0,22.6
2019-04-11 12:05:45,0,22.5
2019-04-11 12:15:45,0,22.6
2019-04-11 12:25:45,0,22.5
2019-04-11 12:35:46,0,22.5
2019-04-11 12:45:46,0,22.5
2019-04-11 12:55:47,0,22.6
2019-04-11 01:05:47,0,22.4
2019-04-11 01:15:47,0,22.5
2019-04-11 01:25:48,0,22.4
2019-04-11 01:35:48,0,22.5
2019-04-11 01:45:48,0,22.4
2019-04-11 01:55:49,0,22.4
2019-04-11 02:05:49,0,22.4
2019-04-11 02:15:50,0,22.3
2019-04-11 02:25:50,0,22.3
2019-04-11 02:35:50,0,22.3
2019-04-11 02:45:51,0,22.3
2019-04-11 02:55:51,0,22.3
2019-04-11 03:05:51,0,22.3
2019-04-11 03:15:52,0,22.2
2019-04-11 03:25:52,0,22.3
2019-04-11 03:35:52,0,22.2
2019-04-11 03:45:53,0,22.2
2019-04-11 03:55:53,0,22.2
2019-04-11 04:05:54,0,22.2
2019-04-11 04:15:54,0,21.9
2019-04-11 04:25:54,0,21.9
2019-04-11 04:35:55,0,21.7
2019-04-11 04:45:55,0,21.7
2019-04-11 04:55:55,0,21.5
2019-04-11 05:05:56,0,21.4
2019-04-11 05:15:56,0,21.3
2019-04-11 05:25:57,0,21.1
2019-04-11 05:35:57,0,21.1
2019-04-11 05:45:58,0,21
2019-04-11 05:55:58,0,20.9
2019-04-11 06:05:58,0,20.8
2019-04-11 06:15:59,0,20.7
2019-04-11 06:25:59,0,20.7
2019-04-11 06:36:00,0,20.6
2019-04-11 06:46:00,0,20.6
2019-04-11 06:56:01,0,20.5
2019-04-11 07:06:01,0,20.3
2019-04-11 07:16:01,0,20.3
2019-04-11 07:26:02,0,20.3
2019-04-11 07:36:02,0,20.2
2019-04-11 07:46:03,0,20.1
2019-04-11 07:56:03,0,20.2
2019-04-11 08:06:04,0,20.2
2019-04-11 08:16:04,0,20.1
2019-04-11 08:26:04,0,20
2019-04-11 08:36:05,0,19.9
2019-04-11 08:46:05,0,19.9
2019-04-11 08:56:06,0,19.9
2019-04-11 09:06:06,0,19.8
2019-04-11 09:16:07,0,19.8
2019-04-11 09:26:07,0,19.8
2019-04-11 09:36:07,0,19.8
2019-04-11 09:46:08,0,19.8
2019-04-11 09:56:08,0,19.8
2019-04-11 10:06:09,0,19.7
2019-04-11 10:16:09,0,19.6
2019-04-11 10:26:10,0,19.6
2019-04-11 10:36:10,0,19.7
2019-04-11 10:46:11,0,19.6
2019-04-11 10:56:11,0,19.5
2019-04-11 11:06:12,0,19.5
2019-04-11 11:16:12,0,19.5
2019-04-11 11:26:12,0,19.6
2019-04-11 11:36:13,0,19.5
2019-04-11 11:46:13,0,19.5
2019-04-11 11:56:14,0,19.5
2019-04-12 12:06:14,0,19.5
2019-04-12 12:16:15,0,19.5
2019-04-12 12:26:15,0,19.5
2019-04-12 12:36:16,0,19.4
2019-04-12 12:46:16,0,19.4
2019-04-12 12:56:16,0,19.4
2019-04-12 01:06:17,0,19.4
2019-04-12 01:16:17,0,19.4
2019-04-12 01:26:18,0,19.4
2019-04-12 01:36:18,0,19.4
2019-04-12 01:46:19,0,19.4
2019-04-12 01:56:19,0,19.4
2019-04-12 02:06:20,0,19.3
2019-04-12 02:16:20,0,19.3
2019-04-12 02:26:21,0,19.3
2019-04-12 02:46:26,0,19.3
2019-04-12 02:56:26,0,19.3
2019-04-12 03:06:27,0,19.3
2019-04-12 03:16:27,0,19.3
2019-04-12 03:26:28,0,19.3
2019-04-12 03:36:28,0,19.3
2019-04-12 03:46:29,0,19.3
2019-04-12 03:56:29,0,19.3
2019-04-12 04:06:29,0,19.4
2019-04-12 04:16:30,0,19.4
2019-04-12 04:26:30,0,19.4
2019-04-12 04:36:31,0,19.3
2019-04-12 04:46:31,0,19.4
2019-04-12 04:56:32,0,19.5
2019-04-12 05:06:32,0,19.5
2019-04-12 05:16:33,0,19.5
2019-04-12 05:26:33,0,19.5
2019-04-12 05:36:34,0,19.6
2019-04-12 05:46:34,0,19.8
2019-04-12 05:56:34,0,19.9
2019-04-12 06:06:35,0,19.9
2019-04-12 06:16:35,0,19.9
2019-04-12 06:26:35,0,20.1
2019-04-12 06:36:36,0,20.2
2019-04-12 06:46:36,0,20.3
2019-04-12 06:56:37,0,20.4
2019-04-12 07:06:37,0,20.5
2019-04-12 07:16:37,0,20.5
2019-04-12 07:26:38,0,20.6
2019-04-12 07:36:38,0,20.7
2019-04-12 07:46:39,0,20.6
2019-04-12 07:56:39,0,20.7
2019-04-12 08:06:39,0,20.8
2019-04-12 08:26:45,0,21.1
2019-04-12 08:36:45,0,21.2
2019-04-12 08:46:46,0,21.4
2019-04-12 08:56:46,0,21.5
2019-04-12 09:06:46,0,21.4
2019-04-12 09:16:47,0,21.6
2019-04-12 09:26:47,0,21.7
2019-04-12 09:36:48,0,21.6
2019-04-12 09:46:48,0,21.7
2019-04-12 09:56:48,0,22.1
2019-04-12 10:06:49,0,22
2019-04-12 10:16:49,0,22
2019-04-12 10:26:49,0,22.4
2019-04-12 10:36:50,0,22.4
2019-04-12 10:46:50,0,22.6
2019-04-12 10:56:51,0,22.9
2019-04-12 11:06:51,0,23
2019-04-12 11:16:51,0,23.1
2019-04-12 11:26:52,0,23
2019-04-12 11:36:52,0,23.2
2019-04-12 11:46:52,0,22.8
2019-04-12 11:56:53,0,22.7
2019-04-12 12:06:53,0,22.8
2019-04-12 12:16:53,0,22.8
2019-04-12 12:26:54,0,22.8
2019-04-12 12:36:54,0,22.7
2019-04-12 12:46:55,0,22.7
2019-04-12 12:56:55,0,22.7
2019-04-12 01:06:55,0,22.8
2019-04-12 01:16:56,0,22.8
2019-04-12 01:26:56,0,22.7
2019-04-12 01:36:56,0,22.8
2019-04-12 01:46:57,0,22.8
2019-04-12 01:56:57,0,22.7
2019-04-12 02:06:57,0,22.7
2019-04-12 02:16:58,0,22.6
2019-04-12 02:26:58,0,22.7
2019-04-12 02:36:58,0,22.6
2019-04-12 02:46:59,0,22.6
2019-04-12 02:56:59,0,22.7
2019-04-12 03:06:59,0,22.6
2019-04-12 03:17:00,0,22.5
2019-04-12 03:27:00,0,22.5
2019-04-12 03:37:00,0,22.5
2019-04-12 03:47:01,0,22.4
2019-04-12 03:57:01,0,22.4
2019-04-12 04:07:02,0,22.4
2019-04-12 04:17:02,0,22.4
2019-04-12 04:27:02,0,22.4
2019-04-12 04:37:03,0,22.3
2019-04-12 04:47:03,0,22.2
2019-04-12 04:57:04,0,22.1
2019-04-12 05:07:04,0,21.9
2019-04-12 05:17:04,0,21.8
2019-04-12 05:27:05,0,21.7
2019-04-12 05:37:05,0,21.6
2019-04-12 05:47:06,0,21.4
2019-04-12 05:57:06,0,21.2
2019-04-12 06:07:10,0,21.3
2019-04-12 06:17:10,0,21.2
2019-04-12 06:27:11,0,21.1
2019-04-12 06:37:11,0,21
2019-04-12 06:47:11,0,20.9
2019-04-12 06:57:12,0,20.8
2019-04-12 07:07:12,0,20.8
2019-04-12 07:17:13,0,20.8
2019-04-12 07:27:13,0,20.7
2019-04-12 07:37:13,0,20.6
2019-04-12 07:47:14,0,20.5
2019-04-12 07:57:14,0,20.5
2019-04-12 08:07:15,0,20.5
2019-04-12 08:17:15,0,20.5
2019-04-12 08:27:16,0,20.4
2019-04-12 08:37:16,0,20.4
2019-04-12 08:47:16,0,20.3
2019-04-12 08:57:17,0,20.3
2019-04-12 09:07:17,0,20.3
2019-04-12 09:17:18,0,20.3
2019-04-12 09:27:18,0,20.4
2019-04-12 09:37:19,0,20.4
2019-04-12 09:47:19,0,20.4
2019-04-12 09:57:20,0,20.2
2019-04-12 10:07:20,0,20.3
2019-04-12 10:17:20,0,20.2
2019-04-12 10:27:21,0,20.2
2019-04-12 10:37:21,0,20.2
2019-04-12 10:47:22,0,20.2
2019-04-12 10:57:22,0,20.2
2019-04-12 11:07:23,0,20.2
2019-04-12 11:17:23,0,20.2
2019-04-12 11:27:23,0,20.2
2019-04-12 11:37:24,0,20.2
2019-04-12 11:47:24,0,20.2
2019-04-12 11:57:25,0,20.2
2019-04-13 12:07:25,0,20.2
2019-04-13 12:17:26,0,20.2
2019-04-13 12:27:26,0,20.2
2019-04-13 12:37:26,0,20.2
2019-04-13 12:47:27,0,20.2
2019-04-13 12:57:27,0,20.2
2019-04-13 01:07:28,0,20.2
2019-04-13 01:17:28,0,20.2
2019-04-13 01:27:29,0,20.2
2019-04-13 01:37:29,0,20.2
2019-04-13 01:47:30,0,20.2
2019-04-13 01:57:30,0,20.1
2019-04-13 02:07:31,0,20.1
2019-04-13 02:17:31,0,20.1
2019-04-13 02:27:31,0,20.1
2019-04-13 02:37:32,0,20.1
2019-04-13 02:47:32,0,20.1
2019-04-13 02:57:33,0,20.1
2019-04-13 03:07:33,0,20.1
2019-04-13 03:17:34,0,20
2019-04-13 03:27:34,0,20.1
2019-04-13 03:37:34,0,20.1
2019-04-13 03:47:35,0,20.1
2019-04-13 03:57:35,0,20.1
2019-04-13 04:07:36,0,20.1
2019-04-13 04:17:36,0,20.1
2019-04-13 04:27:36,0,20.1
2019-04-13 04:37:37,0,20.1
2019-04-13 04:47:37,0,20.1
2019-04-13 04:57:38,0,20.1
2019-04-13 05:07:38,0,20.1
2019-04-13 05:17:39,0,20.1
2019-04-13 05:27:39,0,20.1
2019-04-13 05:37:40,0,20.3
2019-04-13 05:47:40,0,20.3
2019-04-13 05:57:41,0,20.4
2019-04-13 06:07:41,0,20.4
2019-04-13 06:17:42,0,20.6
2019-04-13 06:27:42,0,20.6
2019-04-13 06:37:42,0,20.7
2019-04-13 06:47:43,0,20.9
2019-04-13 06:57:43,0,20.9
2019-04-13 07:07:44,0,21.1
2019-04-13 07:17:44,0,21
2019-04-13 07:27:45,0,21.1
2019-04-13 07:37:45,0,21.2
2019-04-13 07:47:45,0,21.5
2019-04-13 07:57:46,0,21.5
2019-04-13 08:07:46,0,21.6
2019-04-13 08:17:47,0,21.9
2019-04-13 08:27:47,0,22
2019-04-13 08:37:47,0,21.8
2019-04-13 08:47:48,0,21.8
2019-04-13 08:57:48,0,21.9
2019-04-13 09:07:49,0,22
2019-04-13 09:17:49,0,22.1
2019-04-13 09:27:49,0,22
2019-04-13 09:37:50,0,22
2019-04-13 09:47:50,0,22.1
2019-04-13 09:57:50,0,22.1
2019-04-13 10:07:51,0,22.2
2019-04-13 10:17:51,0,22.3
2019-04-13 10:27:52,0,22.4
2019-04-13 10:37:52,0,22.5
2019-04-13 10:47:52,0,22.6
2019-04-13 10:57:53,0,22.6
2019-04-13 11:07:53,0,22.7
2019-04-13 11:17:54,0,22.8
2019-04-13 11:27:54,0,22.7
2019-04-13 11:37:54,0,22.8
2019-04-13 11:47:55,0,22.6
2019-04-13 11:57:55,0,22.7
2019-04-13 12:07:56,0,22.8
2019-04-13 12:17:56,0,22.8
2019-04-13 12:27:57,0,22.8
2019-04-13 12:37:57,0,22.7
2019-04-13 12:47:57,0,22.7
2019-04-13 12:57:58,0,22.6
2019-04-13 01:07:58,0,22.6
2019-04-13 01:17:59,0,22.6
2019-04-13 01:27:59,0,22.6
2019-04-13 01:37:59,0,22.5
2019-04-13 01:48:00,0,22.5
2019-04-13 01:58:00,0,22.6
2019-04-13 02:08:01,0,22.5
2019-04-13 02:18:01,0,22.5
2019-04-13 02:28:01,0,22.6
2019-04-13 02:38:02,0,22.7
2019-04-13 02:48:02,0,22.8
2019-04-13 02:58:02,0,22.8
2019-04-13 03:08:03,0,22.8
2019-04-13 03:18:03,0,22.7
2019-04-13 03:28:03,0,22.7
2019-04-13 03:38:04,0,22.6
2019-04-13 03:48:04,0,22.7
2019-04-13 03:58:05,0,22.7
2019-04-13 04:08:05,0,22.7
2019-04-13 04:18:05,0,22.5
2019-04-13 04:28:06,0,22.3
2019-04-13 04:38:06,0,22.2
2019-04-13 04:48:07,0,22.1
2019-04-13 04:58:07,0,22
2019-04-13 05:08:07,0,21.8
2019-04-13 05:18:08,0,21.7
2019-04-13 05:28:08,0,21.6
2019-04-13 05:38:09,0,21.6
2019-04-13 05:58:14,0,21.4
2019-04-13 06:08:14,0,21.3
2019-04-13 06:18:15,0,21.2
2019-04-13 06:28:16,0,21.2
2019-04-13 06:38:16,0,21.1
2019-04-13 06:48:17,0,21
2019-04-13 06:58:17,0,21
2019-04-13 07:08:18,0,20.9
2019-04-13 07:18:18,0,20.9
2019-04-13 07:28:18,0,20.8
2019-04-13 07:38:19,0,20.8
2019-04-13 07:48:19,0,20.7
2019-04-13 07:58:20,0,20.7
2019-04-13 08:08:20,0,20.7
2019-04-13 08:18:21,0,20.7
2019-04-13 08:28:21,0,20.7
2019-04-13 08:38:22,0,20.6
2019-04-13 08:48:22,0,20.5
2019-04-13 08:58:23,0,20.5
2019-04-13 09:08:23,0,20.5
2019-04-13 09:18:23,0,20.5
2019-04-13 09:38:29,0,20.5
2019-04-13 09:48:29,0,20.5
2019-04-13 09:58:30,0,20.5
2019-04-13 10:08:30,0,20.4
2019-04-13 10:18:31,0,20.4
2019-04-13 10:28:31,0,20.4
2019-04-13 10:38:32,0,20.4
2019-04-13 10:48:32,0,20.4
2019-04-13 10:58:32,0,20.4
2019-04-13 11:08:33,0,20.3
2019-04-13 11:18:33,0,20.3
2019-04-13 11:28:34,0,20.4
2019-04-13 11:38:34,0,20.3
2019-04-13 11:48:35,0,20.3
2019-04-13 11:58:35,0,20.3
2019-04-14 12:08:35,0,20.3
2019-04-14 12:18:36,0,20.3
2019-04-14 12:28:36,0,20.3
2019-04-14 12:38:37,0,20.3
2019-04-14 12:48:37,0,20.3
2019-04-14 12:58:37,0,20.3
2019-04-14 01:08:38,0,20.3
2019-04-14 01:18:38,0,20.3
2019-04-14 01:28:39,0,20.3
2019-04-14 01:38:39,0,20.2
2019-04-14 01:48:40,0,20.2
2019-04-14 01:58:40,0,20.2
2019-04-14 02:08:41,0,20.2
2019-04-14 02:18:41,0,20.2
2019-04-14 02:28:41,0,20.2
2019-04-14 02:38:42,0,20.2
2019-04-14 02:48:42,0,20.2
2019-04-14 02:58:43,0,20.1
2019-04-14 03:08:43,0,20.1
2019-04-14 03:18:44,0,20.2
2019-04-14 03:28:44,0,20.1
2019-04-14 03:38:45,0,20.2
2019-04-14 03:48:45,0,20.2
2019-04-14 03:58:46,0,20.1
2019-04-14 04:08:46,0,20.2
2019-04-14 04:18:46,0,20.2
2019-04-14 04:28:47,0,20.2
2019-04-14 04:38:47,0,20.3
2019-04-14 04:48:48,0,20.2
2019-04-14 04:58:48,0,20.3
2019-04-14 05:08:49,0,20.3
2019-04-14 05:18:49,0,20.4
2019-04-14 05:28:50,0,20.5
2019-04-14 05:38:50,0,20.5
2019-04-14 05:48:50,0,20.6
2019-04-14 05:58:51,0,20.6
2019-04-14 06:08:51,0,20.7
2019-04-14 06:18:52,0,20.7
2019-04-14 06:28:52,0,20.8
2019-04-14 06:38:52,0,20.9
2019-04-14 06:48:53,0,21
2019-04-14 06:58:53,0,21.1
2019-04-14 07:08:54,0,21.1
2019-04-14 07:18:54,0,21.3
2019-04-14 07:28:55,0,21.4
2019-04-14 07:38:55,0,21.5
2019-04-14 07:48:56,0,21.6
2019-04-14 07:58:56,0,21.8
2019-04-14 08:08:57,0,21.8
2019-04-14 08:18:57,0,21.8
2019-04-14 08:28:57,0,21.9
2019-04-14 08:38:58,0,21.9
2019-04-14 08:48:58,0,21.8
2019-04-14 08:58:59,0,22.3
2019-04-14 09:08:59,0,22.4
2019-04-14 09:18:59,0,22.3
2019-04-14 09:29:00,0,22.4
2019-04-14 09:39:00,0,22.4
2019-04-14 09:49:00,0,22.3
2019-04-14 09:59:01,0,22.2
2019-04-14 10:09:01,0,22.3
2019-04-14 10:19:01,0,22.3
2019-04-14 10:29:02,0,22.4
2019-04-14 10:39:02,0,22.4
2019-04-14 10:49:03,0,22.6
2019-04-14 10:59:03,0,22.6
2019-04-14 11:09:07,0,22.7
2019-04-14 11:19:07,0,22.7
2019-04-14 11:29:08,0,22.8
2019-04-14 11:39:08,0,22.9
2019-04-14 11:49:08,0,22.9
2019-04-14 12:09:14,0,23.1
2019-04-14 12:19:14,0,23.1
2019-04-14 12:29:15,0,23.2
2019-04-14 12:39:15,0,23.3
2019-04-14 12:49:15,0,23.4
2019-04-14 12:59:16,0,23.4
2019-04-14 01:09:16,0,23.4
2019-04-14 01:19:16,0,23.5
2019-04-14 01:29:17,0,23.5
2019-04-14 01:39:17,0,23.4
2019-04-14 01:49:17,0,23.5
2019-04-14 01:59:18,0,23.4
2019-04-14 02:09:20,0,23.4
2019-04-14 02:19:20,0,23.3
2019-04-14 02:29:20,0,23.4
2019-04-14 02:39:21,0,23.3
2019-04-14 02:49:21,0,23.2
2019-04-14 02:59:21,0,23.2
2019-04-14 03:09:22,0,23.2
2019-04-14 03:19:22,0,23.2
2019-04-14 03:29:22,0,23.2
2019-04-14 03:39:23,0,23.1
2019-04-14 03:49:23,0,23
2019-04-14 03:59:23,0,23
2019-04-14 04:09:24,0,22.9
2019-04-14 04:19:24,0,22.9
2019-04-14 04:29:24,0,22.8
2019-04-14 04:39:25,0,22.5
2019-04-14 04:49:25,0,22.3
2019-04-14 04:59:26,0,22.2
2019-04-14 05:09:26,0,22.1
2019-04-14 05:19:27,0,22.1
2019-04-14 05:39:32,0,21.9
2019-04-14 05:49:32,0,21.7
2019-04-14 05:59:33,0,21.7
2019-04-14 06:09:33,0,21.5
2019-04-14 06:19:34,0,21.4
2019-04-14 06:29:34,0,21.4
2019-04-14 06:39:35,0,21.3
2019-04-14 06:49:35,0,21.2
2019-04-14 06:59:35,0,21.1
2019-04-14 07:09:36,0,21.1
2019-04-14 07:19:36,0,21.1
2019-04-14 07:29:37,0,21
2019-04-14 07:39:37,0,20.9
2019-04-14 07:49:38,0,20.8
2019-04-14 07:59:38,0,20.8
2019-04-14 08:09:39,0,20.8
2019-04-14 08:19:39,0,20.7
2019-04-14 08:29:39,0,20.7
2019-04-14 08:39:40,0,20.6
2019-04-14 08:49:40,0,20.6
2019-04-14 08:59:41,0,20.5
2019-04-14 09:09:41,0,20.5
2019-04-14 09:19:42,0,20.5
2019-04-14 09:29:42,0,20.5
2019-04-14 09:39:42,0,20.5
2019-04-14 09:49:43,0,20.3
2019-04-14 09:59:43,0,20.4
2019-04-14 10:09:44,0,20.3
2019-04-14 10:19:44,0,20.3
2019-04-14 10:29:45,0,20.3
2019-04-14 10:39:45,0,20.2
2019-04-14 10:49:46,0,20.2
2019-04-14 10:59:46,0,20.2
2019-04-14 11:09:46,0,20.1
2019-04-14 11:19:47,0,20.1
2019-04-14 11:29:47,0,20.1
2019-04-14 11:39:48,0,20.1
2019-04-14 11:59:53,0,20.1
2019-04-15 12:09:54,0,20
2019-04-15 12:19:54,0,20
2019-04-15 12:29:55,0,20
2019-04-15 12:39:55,0,20
2019-04-15 12:49:55,0,20
2019-04-15 12:59:56,0,20
2019-04-15 01:09:56,0,20
2019-04-15 01:19:57,0,20
2019-04-15 01:29:57,0,19.9
2019-04-15 01:39:58,0,19.9
2019-04-15 01:49:58,0,19.9
2019-04-15 01:59:59,0,19.9
2019-04-15 02:09:59,0,19.9
2019-04-15 02:20:00,0,19.9
2019-04-15 02:30:00,0,19.9
2019-04-15 02:40:00,0,19.8
2019-04-15 02:50:01,0,19.8
2019-04-15 03:00:01,0,19.8
2019-04-15 03:10:02,0,19.8
2019-04-15 03:20:02,0,19.8
2019-04-15 03:30:03,0,19.8
2019-04-15 03:40:03,0,19.7
2019-04-15 03:50:04,0,19.7
2019-04-15 04:00:04,0,19.8
2019-04-15 04:10:05,0,19.8
2019-04-15 04:20:05,0,19.8
2019-04-15 04:30:05,0,19.7
2019-04-15 04:40:06,0,19.8
2019-04-15 04:50:06,0,19.9
2019-04-15 05:00:07,0,19.9
2019-04-15 05:10:07,0,19.9
2019-04-15 05:20:08,0,20
2019-04-15 05:30:08,0,20.1
2019-04-15 05:40:09,0,20.2
2019-04-15 05:50:09,0,20.3
2019-04-15 06:00:09,0,20.3
2019-04-15 06:10:10,0,20.3
2019-04-15 06:20:10,0,20.4
2019-04-15 06:30:11,0,20.5
2019-04-15 06:40:11,0,20.7
2019-04-15 06:50:11,0,21
2019-04-15 07:00:12,0,21
2019-04-15 07:10:12,0,21.1
2019-04-15 07:20:12,0,21.2
2019-04-15 07:30:13,0,21.3
2019-04-15 07:40:13,0,21.4
2019-04-15 07:50:13,0,21.6
2019-04-15 08:00:14,0,21.7
2019-04-15 08:10:14,0,22.2
2019-04-15 08:20:15,0,22.2
2019-04-15 08:30:15,0,22.2
2019-04-15 08:40:15,0,22.1
2019-04-15 08:50:16,0,22.2
2019-04-15 09:00:16,0,22.3
2019-04-15 09:10:16,0,22.4
2019-04-15 09:20:17,0,22.2
2019-04-15 09:30:17,0,22.4
2019-04-15 09:40:18,0,22.5
2019-04-15 09:50:18,0,22.4
2019-04-15 10:00:18,0,22.5
2019-04-15 10:10:19,0,22.6
2019-04-15 10:20:19,0,22.7
2019-04-15 10:30:19,0,22.6
2019-04-15 10:40:20,0,22.7
2019-04-15 10:50:20,0,22.8
2019-04-15 11:00:21,0,22.8
2019-04-15 11:10:21,0,23
2019-04-15 11:20:22,0,23.1
2019-04-15 11:30:22,0,23
2019-04-15 11:40:22,0,23
2019-04-15 11:50:23,0,23.1
2019-04-15 12:00:23,0,23.1
2019-04-15 12:10:23,0,23.1
2019-04-15 12:20:24,0,23.2
2019-04-15 12:30:24,0,23.2
2019-04-15 12:40:25,0,23.3
2019-04-15 12:50:25,0,23.3
2019-04-15 01:00:25,0,23.3
2019-04-15 01:10:26,0,23.2
2019-04-15 01:20:26,0,23.4
2019-04-15 01:30:27,0,23.3
2019-04-15 01:40:27,0,23.4
2019-04-15 01:50:27,0,23.3
2019-04-15 02:00:28,0,23.4
2019-04-15 02:10:28,0,23.2
2019-04-15 02:20:28,0,23.3
2019-04-15 02:30:29,0,23.4
2019-04-15 02:40:29,0,23.4
2019-04-15 02:50:29,0,23.4
2019-04-15 03:00:30,0,23.3
2019-04-15 03:10:30,0,23.3
2019-04-15 03:20:30,0,23.2
2019-04-15 03:30:31,0,23.3
2019-04-15 03:40:31,0,23.2
2019-04-15 03:50:31,0,23.3
2019-04-15 04:10:37,0,23.2
2019-04-15 04:20:37,0,23
2019-04-15 04:30:38,0,23
2019-04-15 04:40:38,0,23
2019-04-15 04:50:38,0,22.9
2019-04-15 05:00:39,0,22.8
2019-04-15 05:10:39,0,22.8
2019-04-15 05:20:39,0,22.7
2019-04-15 05:30:40,0,22.6
2019-04-15 05:40:40,0,22.4
2019-04-15 05:50:40,0,22.4
2019-04-15 06:00:41,0,22.2
2019-04-15 06:10:41,0,22.1
2019-04-15 06:20:41,0,22
2019-04-15 06:30:42,0,21.9
2019-04-15 06:40:42,0,21.9
2019-04-15 06:50:42,0,21.6
2019-04-15 07:00:43,0,21.4
2019-04-15 07:10:43,0,21.3
2019-04-15 07:20:44,0,21.2
2019-04-15 07:30:44,0,21.1
2019-04-15 07:40:44,0,21.1
2019-04-15 07:50:45,0,21
2019-04-15 08:00:45,0,20.9
2019-04-15 08:10:46,0,20.8
2019-04-15 08:20:46,0,20.8
2019-04-15 08:30:46,0,20.8
2019-04-15 08:40:47,0,20.6
2019-04-15 08:50:47,0,20.7
2019-04-15 09:00:48,0,20.6
2019-04-15 09:10:48,0,20.6
2019-04-15 09:20:49,0,20.5
2019-04-15 09:30:49,0,20.5
2019-04-15 09:40:50,0,20.5
2019-04-15 09:50:50,0,20.5
2019-04-15 10:00:50,0,20.4
2019-04-15 10:10:51,0,20.4
2019-04-15 10:20:51,0,20.5
2019-04-15 10:30:52,0,20.4
2019-04-15 10:40:52,0,20.4
2019-04-15 10:50:52,0,20.4
2019-04-15 11:00:53,0,20.3
2019-04-15 11:10:53,0,20.4
2019-04-15 11:20:53,0,20.3
2019-04-15 11:30:54,0,20.3
2019-04-15 11:40:54,0,20.3
2019-04-15 11:50:54,0,20.2
2019-04-16 12:00:55,0,20.3
2019-04-16 12:10:55,0,20.2
2019-04-16 12:20:55,0,20.2
2019-04-16 12:30:56,0,20.1
2019-04-16 12:40:56,0,20.3
2019-04-16 12:50:56,0,20.3
