kuupÃ¤ev,valgus,pikkus
2019-04-01 09:44:40,0.69,19
2019-04-01 09:54:40,0.67,19
2019-04-01 10:14:41,0.67,18
2019-04-01 10:24:41,0.67,17
2019-04-01 10:34:41,0.67,17
2019-04-01 10:44:42,0.68,18
2019-04-01 10:54:42,0.69,17
2019-04-01 11:04:42,0.69,17
2019-04-01 11:14:43,0.7,17
2019-04-01 11:24:43,0.71,17
2019-04-01 11:34:44,0.71,17
2019-04-01 11:44:44,0.71,17
2019-04-01 11:54:44,0.72,17
2019-04-01 12:04:45,0.72,17
2019-04-01 12:14:45,0.73,17
2019-04-01 12:24:46,0.73,17
2019-04-01 12:34:46,0.74,17
2019-04-01 12:44:46,0.75,17
2019-04-01 12:54:47,0.75,16
2019-04-01 01:04:47,0.77,17
2019-04-01 01:14:47,0.77,17
2019-04-01 01:24:48,0.79,12
2019-04-01 01:34:48,0.79,16
2019-04-01 01:44:49,0.81,16
2019-04-01 01:54:49,0.83,16
2019-04-01 02:04:49,0.84,10
2019-04-01 02:14:50,0.87,9
2019-04-01 02:24:50,0.89,-80
2019-04-01 02:34:50,0.91,-80
2019-04-01 02:44:51,0.93,-81
2019-04-01 02:54:51,0.97,-85
2019-04-01 03:04:51,1,-3051
2019-04-01 03:14:52,1.03,25
2019-04-01 03:24:52,1.07,-3036
2019-04-01 03:35:24,1.11,25
2019-04-01 03:44:58,1.15,-2996
2019-04-01 03:54:58,1.22,25
2019-04-01 04:04:59,1.31,-72
2019-04-01 04:14:59,1.41,-3001
2019-04-01 04:25:00,1.52,25
2019-04-01 04:35:00,1.74,-3010
2019-04-01 04:45:00,2.04,25
2019-04-01 04:55:01,2.5,-3026
2019-04-01 05:05:01,3.21,25
2019-04-01 05:15:02,3.83,-74
2019-04-01 05:25:02,4.34,-3046
2019-04-01 05:35:02,4.52,25
2019-04-01 05:45:03,4.56,-3010
2019-04-01 05:55:03,4.75,25
2019-04-01 06:05:04,4.77,-3036
2019-04-01 06:15:04,4.77,25
2019-04-01 06:25:05,4.78,-3025
2019-04-01 06:35:05,4.71,25
2019-04-01 06:45:06,4.74,-3018
2019-04-01 06:55:06,4.73,25
2019-04-01 07:05:06,4.81,-3004
2019-04-01 07:15:07,4.79,25
2019-04-01 07:25:07,5,-2990
2019-04-01 07:35:08,5,25
2019-04-01 07:45:08,5,-3000
2019-04-01 07:55:09,5,25
2019-04-01 08:05:09,5,-2997
2019-04-01 08:15:09,5,25
2019-04-01 08:25:10,5,-3008
2019-04-01 08:35:10,5,25
2019-04-01 08:45:11,5,-3032
2019-04-01 08:55:11,5,25
2019-04-01 09:05:12,5,-2986
2019-04-01 09:15:12,5,25
2019-04-01 09:25:12,5,-2974
2019-04-01 09:35:13,5,25
2019-04-01 09:45:13,5,-2983
2019-04-01 09:55:14,5,25
2019-04-01 10:05:14,5,-3009
2019-04-01 10:15:15,5,25
2019-04-01 10:25:15,5,-2986
2019-04-01 10:35:15,5,25
2019-04-01 10:45:16,5,-3007
2019-04-01 10:55:16,5,25
2019-04-01 11:05:17,5,-3002
2019-04-01 11:15:17,5,25
2019-04-01 11:25:18,5,-3003
2019-04-01 11:35:18,5,25
2019-04-01 11:45:18,5,-2995
2019-04-01 11:55:19,5,25
2019-04-02 12:05:19,5,-3019
2019-04-02 12:15:20,5,25
2019-04-02 12:25:20,5,-3005
2019-04-02 12:35:21,5,25
2019-04-02 12:45:21,5,-2999
2019-04-02 12:55:21,5,25
2019-04-02 01:05:22,5,-3007
2019-04-02 01:15:22,5,25
2019-04-02 01:25:23,5,-2979
2019-04-02 01:35:23,5,26
2019-04-02 01:45:24,5,-3026
2019-04-02 01:55:24,5,26
2019-04-02 02:05:25,5,-2960
2019-04-02 02:15:25,5,25
2019-04-02 02:25:25,5,-68
2019-04-02 02:35:26,5,-71
2019-04-02 02:45:26,5,-2976
2019-04-02 02:55:27,5,25
2019-04-02 03:05:27,5,-2902
2019-04-02 03:15:27,5,25
2019-04-02 03:25:28,4.9,-2964
2019-04-02 03:35:28,3.98,25
2019-04-02 03:45:29,3.16,-3016
2019-04-02 03:55:29,2.44,25
2019-04-02 04:05:30,1.98,-2995
2019-04-02 04:15:30,1.61,26
2019-04-02 04:25:31,1.39,-2967
2019-04-02 04:35:31,1.09,25
2019-04-02 04:45:31,1.01,-3006
2019-04-02 04:55:32,0.88,25
2019-04-02 05:05:32,0.79,-94
2019-04-02 05:15:32,0.74,-94
2019-04-02 05:25:33,0.73,-94
2019-04-02 05:35:33,0.66,-3034
2019-04-02 05:45:34,0.63,25
2019-04-02 05:55:34,0.62,-90
2019-04-02 06:05:34,0.61,-90
2019-04-02 06:15:35,0.59,-90
2019-04-02 06:25:35,0.62,-66
2019-04-02 06:35:35,0.61,-79
2019-04-02 06:45:36,0.61,-78
2019-04-02 06:55:36,0.58,-91
2019-04-02 07:05:36,0.83,-79
2019-04-02 07:15:37,0.73,-3021
2019-04-02 07:25:37,0.69,25
2019-04-02 07:35:37,0.69,-90
2019-04-02 07:45:38,0.6,-94
2019-04-02 07:55:38,0.5,-3022
2019-04-02 08:05:39,0.47,25
2019-04-02 08:15:39,0.57,-3016
2019-04-02 08:25:40,0.64,25
2019-04-02 08:35:40,0.66,-3037
2019-04-02 08:45:41,0.66,25
2019-04-02 08:55:41,0.66,-3021
2019-04-02 09:05:42,0.62,25
2019-04-02 09:15:42,0.6,-3018
2019-04-02 09:25:43,0.59,25
2019-04-02 09:35:43,0.57,-3012
2019-04-02 09:45:44,0.54,25
2019-04-02 09:55:44,0.57,-3025
2019-04-02 10:05:44,0.56,25
2019-04-02 10:15:45,0.59,-3025
2019-04-02 10:25:45,0.57,25
2019-04-02 10:35:46,0.62,-3009
2019-04-02 10:45:46,0.59,25
2019-04-02 10:55:47,0.61,-3032
2019-04-02 11:05:47,0.65,25
2019-04-02 11:15:48,0.6,-3028
2019-04-02 11:25:48,0.65,25
2019-04-02 11:35:48,0.67,3
2019-04-02 11:45:49,0.67,-90
2019-04-02 11:55:49,0.66,-89
2019-04-02 12:05:50,0.67,9
2019-04-02 12:15:50,0.71,9
2019-04-02 12:25:50,0.75,9
2019-04-02 12:35:51,0.7,9
2019-04-02 12:45:51,0.72,9
2019-04-02 12:55:52,0.7,9
2019-04-02 01:05:52,0.62,9
2019-04-02 01:15:52,0.57,9
2019-04-02 01:25:53,0.67,9
2019-04-02 01:35:53,0.66,9
2019-04-02 01:45:53,0.66,9
2019-04-02 01:55:54,0.69,9
2019-04-02 02:05:54,0.73,9
2019-04-02 02:15:54,0.65,9
2019-04-02 02:25:55,0.65,9
2019-04-02 02:35:55,0.74,9
2019-04-02 02:45:56,0.83,9
2019-04-02 02:55:56,0.91,10
2019-04-02 03:05:56,0.86,11
2019-04-02 03:15:57,0.89,10
2019-04-02 03:25:57,0.98,11
2019-04-02 03:35:57,1.07,11
2019-04-02 03:45:58,1.03,11
2019-04-02 03:55:58,1.15,11
2019-04-02 04:05:58,1.36,11
2019-04-02 04:15:59,1.51,11
2019-04-02 04:25:59,1.59,13
2019-04-02 04:35:59,1.91,13
2019-04-02 04:46:00,1.96,13
2019-04-02 04:56:00,2.2,13
2019-04-02 05:06:00,2.56,13
2019-04-02 05:16:01,2.95,13
2019-04-02 05:26:01,2.91,13
2019-04-02 05:36:01,3.02,13
2019-04-02 05:46:02,3.08,12
2019-04-02 05:56:02,3.03,13
2019-04-02 06:06:02,3.08,10
2019-04-02 06:16:03,3.12,11
2019-04-02 06:26:03,3.19,11
2019-04-02 06:36:03,3.1,11
2019-04-02 06:46:04,3.08,11
2019-04-02 06:56:04,3.12,11
2019-04-02 07:06:04,5,10
2019-04-02 07:16:05,5,10
2019-04-02 07:26:05,5,9
2019-04-02 07:36:05,5,9
2019-04-02 07:46:06,5,10
2019-04-02 07:56:06,5,10
2019-04-02 08:06:06,5,10
2019-04-02 08:16:07,5,10
2019-04-02 08:26:07,5,10
2019-04-02 08:36:08,5,9
2019-04-02 08:46:08,5,10
2019-04-02 08:56:08,5,10
2019-04-02 09:07:40,5,10
2019-04-02 09:16:14,5,11
2019-04-02 09:26:14,5,11
2019-04-02 09:36:14,5,10
2019-04-02 09:46:15,5,10
2019-04-02 09:56:15,5,11
2019-04-02 10:06:16,5,9
2019-04-02 10:16:16,5,11
2019-04-02 10:26:16,5,11
2019-04-02 10:36:17,5,12
2019-04-02 10:46:17,5,11
2019-04-02 10:56:17,5,11
2019-04-02 11:06:18,5,-3023
2019-04-02 11:16:18,5,26
2019-04-02 11:26:19,5,12
2019-04-02 11:36:19,5,12
2019-04-02 11:46:20,5,12
2019-04-02 11:56:20,5,11
2019-04-03 12:06:20,5,12
2019-04-03 12:16:21,5,12
2019-04-03 12:26:21,5,12
2019-04-03 12:36:21,5,11
2019-04-03 12:46:22,5,12
2019-04-03 12:56:22,5,-66
2019-04-03 01:06:23,5,12
2019-04-03 01:16:23,5,12
2019-04-03 01:26:24,5,-3032
2019-04-03 01:36:24,5,26
2019-04-03 01:46:24,5,8
2019-04-03 01:56:25,5,-98
2019-04-03 02:06:25,5,-99
2019-04-03 02:16:26,5,-99
2019-04-03 02:26:26,5,-96
2019-04-03 02:36:26,5,-98
2019-04-03 02:46:27,5,-99
2019-04-03 02:56:27,5,-66
2019-04-03 03:06:27,5,-98
2019-04-03 03:16:28,5,-3018
2019-04-03 03:26:28,4.55,26
2019-04-03 03:36:28,3.65,-66
2019-04-03 03:46:29,2.83,-99
2019-04-03 03:56:29,2.25,-98
2019-04-03 04:06:29,1.87,-98
2019-04-03 04:16:30,1.62,-2995
2019-04-03 04:26:30,1.46,26
2019-04-03 04:36:31,1.35,-99
2019-04-03 04:46:31,1.25,-64
2019-04-03 04:56:31,1.18,-98
2019-04-03 05:06:32,1.12,-98
2019-04-03 05:16:32,1.08,-64
2019-04-03 05:26:32,1.04,-98
2019-04-03 05:36:33,1,-66
2019-04-03 05:46:33,0.96,-67
2019-04-03 05:56:33,0.92,-64
2019-04-03 06:06:34,0.9,-66
2019-04-03 06:16:34,0.88,-2995
2019-04-03 06:26:35,0.86,26
2019-04-03 06:36:35,0.83,-3003
2019-04-03 06:46:36,0.81,26
2019-04-03 06:56:36,0.79,-2989
2019-04-03 07:06:36,0.78,26
2019-04-03 07:16:37,0.75,-3034
2019-04-03 07:26:37,0.74,26
2019-04-03 07:36:38,0.73,-3016
2019-04-03 07:46:38,0.72,26
2019-04-03 07:56:38,0.71,-3021
2019-04-03 08:06:39,0.7,26
2019-04-03 08:16:39,0.68,-3008
2019-04-03 08:26:40,0.67,26
2019-04-03 08:36:40,0.66,-3004
2019-04-03 08:46:41,0.66,26
2019-04-03 08:56:41,0.65,-99
2019-04-03 09:06:41,0.65,-100
2019-04-03 09:16:42,0.65,-98
2019-04-03 09:26:42,0.65,-99
2019-04-03 09:36:42,0.65,-98
2019-04-03 09:46:43,0.65,-3005
2019-04-03 09:56:43,0.65,26
2019-04-03 10:06:44,0.65,-3030
2019-04-03 10:16:44,0.65,26
2019-04-03 10:26:44,0.65,-3045
2019-04-03 10:36:45,0.65,26
2019-04-03 10:46:45,0.65,-3051
2019-04-03 10:56:46,0.65,26
2019-04-03 11:06:46,0.66,-3036
2019-04-03 11:16:47,0.66,26
2019-04-03 11:26:47,0.66,-3020
2019-04-03 11:36:48,0.66,26
2019-04-03 11:46:48,0.66,-3041
2019-04-03 11:56:49,0.67,26
2019-04-03 12:06:49,0.67,-90
2019-04-03 12:16:50,0.7,-90
2019-04-03 12:26:50,0.71,-3027
2019-04-03 12:36:50,0.72,26
2019-04-03 12:46:51,0.72,-3023
2019-04-03 12:56:51,0.73,26
2019-04-03 01:06:52,0.73,-89
2019-04-03 01:16:52,0.74,-89
2019-04-03 01:26:53,0.75,-85
2019-04-03 01:36:53,0.77,-85
2019-04-03 01:46:54,0.79,-3002
2019-04-03 01:56:54,0.8,26
2019-04-03 02:06:54,0.82,-85
2019-04-03 02:16:55,0.84,-3040
2019-04-03 02:26:55,0.86,26
2019-04-03 02:36:56,0.88,-3067
2019-04-03 02:46:56,0.9,26
2019-04-03 02:56:56,0.93,-3044
2019-04-03 03:06:57,0.97,26
2019-04-03 03:16:57,1,-3045
2019-04-03 03:26:58,1.04,26
2019-04-03 03:36:58,1.08,-3027
2019-04-03 03:46:58,1.12,26
2019-04-03 03:56:59,1.21,11
2019-04-03 04:06:59,1.26,11
2019-04-03 04:16:59,1.35,11
2019-04-03 04:27:00,1.52,11
2019-04-03 04:37:00,1.74,12
2019-04-03 04:47:00,2.12,13
2019-04-03 04:57:01,2.7,13
2019-04-03 05:07:01,3.39,13
2019-04-03 05:17:01,4.06,13
2019-04-03 05:27:02,4.57,13
2019-04-03 05:37:02,4.79,13
2019-04-03 05:47:02,4.87,13
2019-04-03 05:57:03,4.86,13
2019-04-03 06:07:03,4.88,13
2019-04-03 06:17:03,4.88,13
2019-04-03 06:27:04,4.83,13
2019-04-03 06:37:04,4.83,13
2019-04-03 06:47:04,4.86,13
2019-04-03 06:57:05,4.87,13
2019-04-03 07:07:05,4.83,13
2019-04-03 07:17:05,4.84,13
2019-04-03 07:27:06,5,8
2019-04-03 07:37:06,5,5
2019-04-03 07:47:07,5,5
2019-04-03 07:57:07,5,-85
2019-04-03 08:07:07,5,-83
2019-04-03 08:17:08,5,-3014
2019-04-03 08:27:08,5,26
2019-04-03 08:37:09,5,-3032
2019-04-03 08:47:09,5,26
2019-04-03 08:57:09,5,-82
2019-04-03 09:07:10,5,-78
2019-04-03 09:17:10,5,-80
2019-04-03 09:27:10,5,-82
2019-04-03 09:37:11,5,-78
2019-04-03 09:47:11,5,-78
2019-04-03 09:57:11,5,-78
2019-04-03 10:07:12,5,-77
2019-04-03 10:17:12,5,-76
2019-04-03 10:27:12,5,-78
2019-04-03 10:37:13,5,5
2019-04-03 10:47:13,5,-79
2019-04-03 10:57:13,5,-78
2019-04-03 11:07:14,5,-77
2019-04-03 11:17:14,5,6
2019-04-03 11:27:14,5,5
2019-04-03 11:37:15,5,7
2019-04-03 11:47:15,5,7
2019-04-03 11:57:15,5,7
2019-04-04 12:07:16,5,6
2019-04-04 12:17:16,5,-76
2019-04-04 12:27:17,5,6
2019-04-04 12:37:17,5,7
2019-04-04 12:47:17,5,5
2019-04-04 12:57:18,5,7
2019-04-04 01:07:18,5,5
2019-04-04 01:17:19,5,7
2019-04-04 01:27:19,5,7
2019-04-04 01:37:20,5,7
2019-04-04 01:47:20,5,7
2019-04-04 01:57:20,5,7
2019-04-04 02:07:21,5,7
2019-04-04 02:17:21,5,6
2019-04-04 02:27:21,5,7
2019-04-04 02:37:22,5,7
2019-04-04 02:47:22,5,7
2019-04-04 02:57:22,5,7
2019-04-04 03:07:23,5,7
2019-04-04 03:17:23,5,7
2019-04-04 03:27:23,4.3,7
2019-04-04 03:37:24,3.37,7
2019-04-04 03:47:24,2.7,5
2019-04-04 03:57:25,2.1,7
2019-04-04 04:07:25,1.82,5
2019-04-04 04:17:25,1.59,6
2019-04-04 04:27:26,1.43,6
2019-04-04 04:37:26,1.25,7
2019-04-04 04:47:27,1.24,6
2019-04-04 04:57:27,1.16,6
2019-04-04 05:07:28,1.11,6
2019-04-04 05:17:28,1,7
2019-04-04 05:27:28,0.96,7
2019-04-04 05:37:29,0.92,7
2019-04-04 05:47:29,0.89,7
2019-04-04 05:57:29,0.86,7
2019-04-04 06:07:30,0.84,7
2019-04-04 06:17:30,0.82,7
2019-04-04 06:27:30,0.79,6
2019-04-04 06:37:30,0.78,6
2019-04-04 06:47:31,0.76,6
2019-04-04 06:57:31,0.74,6
2019-04-04 07:07:31,0.73,6
2019-04-04 07:17:32,0.72,6
2019-04-04 07:27:32,0.7,6
2019-04-04 07:37:33,0.67,6
2019-04-04 07:47:33,0.66,6
2019-04-04 07:57:33,0.66,6
2019-04-04 08:07:34,0.65,6
2019-04-04 08:17:34,0.64,6
2019-04-04 08:27:35,0.63,6
2019-04-04 08:37:35,0.62,6
2019-04-04 08:47:35,0.62,6
2019-04-04 08:57:36,0.62,6
2019-04-04 09:07:36,0.62,5
2019-04-04 09:17:37,0.62,4
2019-04-04 09:27:37,0.62,4
2019-04-04 09:37:37,0.61,5
2019-04-04 09:47:38,0.61,4
2019-04-04 09:57:38,0.61,4
2019-04-04 10:07:39,0.61,4
2019-04-04 10:17:39,0.61,4
2019-04-04 10:27:39,0.61,4
2019-04-04 10:37:40,0.62,4
2019-04-04 10:47:40,0.62,4
2019-04-04 10:57:41,0.62,-81
2019-04-04 11:07:41,0.62,-80
2019-04-04 11:17:41,0.63,-82
2019-04-04 11:27:42,0.63,-82
2019-04-04 11:37:42,0.63,-83
2019-04-04 11:47:42,0.64,-85
2019-04-04 11:57:43,0.65,-83
2019-04-04 12:07:43,0.66,-83
2019-04-04 12:17:43,0.66,-83
2019-04-04 12:27:44,0.66,-83
2019-04-04 12:37:44,0.67,-83
2019-04-04 12:47:44,0.69,-83
2019-04-04 12:57:45,0.7,-83
2019-04-04 01:07:45,0.72,-84
2019-04-04 01:17:46,0.74,-84
2019-04-04 01:27:46,0.73,-83
2019-04-04 01:37:47,0.74,-87
2019-04-04 01:47:47,0.77,-84
2019-04-04 01:57:47,0.78,-85
2019-04-04 02:07:48,0.79,-85
2019-04-04 02:17:48,0.82,-85
2019-04-04 02:27:48,0.83,-84
2019-04-04 02:37:49,0.86,-85
2019-04-04 02:47:49,0.88,-86
2019-04-04 02:57:50,0.91,-86
2019-04-04 03:07:50,0.94,-84
2019-04-04 03:17:50,0.97,-84
2019-04-04 03:27:50,1.01,-85
2019-04-04 03:37:51,1.06,-85
2019-04-04 03:57:56,1.17,-84
2019-04-04 04:07:56,1.28,-84
2019-04-04 04:17:57,1.43,-84
2019-04-04 04:27:57,1.59,-85
2019-04-04 04:37:57,1.87,-85
2019-04-04 04:47:58,2.33,-85
2019-04-04 04:57:58,2.8,-83
2019-04-04 05:07:58,3.48,-83
2019-04-04 05:17:59,4.16,-85
2019-04-04 05:27:59,4.77,-85
2019-04-04 05:37:59,5,-84
2019-04-04 05:48:00,5,-83
2019-04-04 05:58:00,5,-84
2019-04-04 06:08:00,5,-83
2019-04-04 06:18:01,5,-85
2019-04-04 06:28:01,5,-82
2019-04-04 06:38:02,5,-83
2019-04-04 06:48:02,5,-86
2019-04-04 06:58:02,5,-85
2019-04-04 07:08:03,5,-83
2019-04-04 07:18:03,5,-82
2019-04-04 07:28:03,5,-82
2019-04-04 07:38:04,5,-84
2019-04-04 07:48:04,5,-83
2019-04-04 07:58:04,5,-81
2019-04-04 08:08:05,5,-84
2019-04-04 08:18:05,5,-82
2019-04-04 08:28:05,5,-85
2019-04-04 08:38:06,5,-82
2019-04-04 08:48:06,5,-83
2019-04-04 08:58:06,5,-82
2019-04-04 09:08:07,5,-81
2019-04-04 09:18:07,5,-80
2019-04-04 09:28:07,5,-82
2019-04-04 09:38:08,5,-78
2019-04-04 09:48:08,5,-78
2019-04-04 09:58:08,5,-79
2019-04-04 10:08:09,5,-78
2019-04-04 10:18:09,5,-82
2019-04-04 10:28:09,5,-78
2019-04-04 10:38:10,5,-78
2019-04-04 10:48:10,5,-78
2019-04-04 10:58:10,5,-77
2019-04-04 11:08:11,5,-77
2019-04-04 11:18:11,5,-79
2019-04-04 11:28:11,5,-77
2019-04-04 11:38:12,5,-78
2019-04-04 11:48:12,5,-77
2019-04-04 11:58:12,5,-77
2019-04-05 12:08:13,5,-77
2019-04-05 12:18:13,5,-77
2019-04-05 12:28:13,5,-78
2019-04-05 12:38:14,5,-77
2019-04-05 12:48:14,5,-76
2019-04-05 12:58:14,5,-78
2019-04-05 01:08:15,5,-76
2019-04-05 01:18:15,5,-79
2019-04-05 01:28:16,5,-78
2019-04-05 01:38:16,5,-76
2019-04-05 01:48:16,5,-78
2019-04-05 01:58:17,5,-78
2019-04-05 02:08:17,5,-78
2019-04-05 02:18:17,5,-77
2019-04-05 02:28:18,5,-77
2019-04-05 02:38:18,5,-77
2019-04-05 02:48:19,5,-77
2019-04-05 02:58:19,5,-76
2019-04-05 03:08:20,5,-77
2019-04-05 03:18:20,4.81,-77
2019-04-05 03:28:20,4,-78
2019-04-05 03:38:21,3.02,-76
2019-04-05 03:48:21,2.26,-76
2019-04-05 03:58:21,1.78,-78
2019-04-05 04:08:22,1.51,-78
2019-04-05 04:18:22,1.31,-77
2019-04-05 04:28:22,1.19,-77
2019-04-05 04:38:23,1.09,-78
2019-04-05 04:48:23,1.06,-77
2019-04-05 04:58:23,0.91,-77
2019-04-05 05:08:24,0.83,-77
2019-04-05 05:18:24,0.76,-77
2019-04-05 05:28:24,0.71,-76
2019-04-05 05:38:25,0.67,-85
2019-04-05 05:48:25,0.66,-79
2019-04-05 05:58:25,0.68,-78
2019-04-05 06:08:26,0.66,-82
2019-04-05 06:18:26,0.65,-79
2019-04-05 06:28:27,0.65,-82
2019-04-05 06:38:27,0.64,-83
2019-04-05 06:48:27,0.62,-84
2019-04-05 06:58:28,0.6,-82
2019-04-05 07:08:28,0.56,-85
2019-04-05 07:19:21,0.53,-84
2019-04-05 07:28:34,0.49,-83
2019-04-05 07:38:34,0.45,-85
2019-04-05 07:48:34,0.44,-84
2019-04-05 07:58:35,0.5,-83
2019-04-05 08:08:35,0.52,-84
2019-04-05 08:18:35,0.51,-84
2019-04-05 08:28:36,0.52,-85
2019-04-05 08:38:36,0.51,-84
2019-04-05 08:48:37,0.5,-85
2019-04-05 08:58:39,0.53,-85
2019-04-05 09:08:39,0.53,-87
2019-04-05 09:18:40,0.56,-85
2019-04-05 09:28:40,0.59,-85
2019-04-05 09:38:42,0.55,-85
2019-04-05 09:48:42,0.56,-85
2019-04-05 09:58:42,0.56,-85
2019-04-05 10:08:43,0.55,-85
2019-04-05 10:18:43,0.57,-84
2019-04-05 10:28:44,0.56,-86
2019-04-05 10:38:44,0.56,-86
2019-04-05 10:48:44,0.57,-87
2019-04-05 10:58:45,0.57,-85
2019-04-05 11:08:45,0.59,-85
2019-04-05 11:18:46,0.6,-86
2019-04-05 11:28:46,0.6,-85
2019-04-05 11:38:46,0.6,-85
2019-04-05 11:48:47,0.64,-86
2019-04-05 11:58:47,0.57,-85
2019-04-05 12:08:48,0.56,-84
2019-04-05 12:18:48,0.56,-85
2019-04-05 12:28:48,0.55,-85
2019-04-05 12:38:49,0.56,-84
2019-04-05 12:48:49,0.57,-84
2019-04-05 12:58:49,0.59,-85
2019-04-05 01:08:50,0.61,-83
2019-04-05 01:18:50,0.69,-84
2019-04-05 01:28:50,0.74,-83
2019-04-05 01:38:51,0.78,-87
2019-04-05 01:48:51,0.73,-86
2019-04-05 01:58:51,0.64,-87
2019-04-05 02:08:52,0.62,-85
2019-04-05 02:18:52,0.64,-84
2019-04-05 02:28:52,0.66,-85
2019-04-05 02:38:53,0.69,-86
2019-04-05 02:48:53,0.73,-84
2019-04-05 02:58:53,0.78,-84
2019-04-05 03:08:54,0.83,-83
2019-04-05 03:18:54,0.87,-85
2019-04-05 03:28:54,0.93,-84
2019-04-05 03:38:55,1,-84
2019-04-05 03:48:55,1.08,-84
2019-04-05 03:58:55,1.16,-84
2019-04-05 04:08:56,1.25,-84
2019-04-05 04:18:56,1.41,-84
2019-04-05 04:28:56,1.57,-85
2019-04-05 04:38:57,1.82,-84
2019-04-05 04:48:57,2.23,-85
2019-04-05 04:58:57,2.71,-85
2019-04-05 05:08:58,3.48,-85
2019-04-05 05:18:58,4.46,-85
2019-04-05 05:28:58,5,-85
2019-04-05 05:38:59,5,-86
2019-04-05 05:48:59,5,-85
2019-04-05 05:59:00,5,-85
2019-04-05 06:09:00,5,-85
2019-04-05 06:19:00,5,-84
2019-04-05 06:29:01,5,-86
2019-04-05 06:39:01,5,-86
2019-04-05 06:49:01,5,-86
2019-04-05 06:59:02,5,-85
2019-04-05 07:09:02,5,-84
2019-04-05 07:19:02,5,-84
2019-04-05 07:29:03,5,-87
2019-04-05 07:39:03,5,-84
2019-04-05 07:49:03,5,-84
2019-04-05 07:59:04,5,-86
2019-04-05 08:09:04,5,-84
2019-04-05 08:19:04,5,-85
2019-04-05 08:29:05,5,-86
2019-04-05 08:39:05,5,-87
2019-04-05 08:49:05,5,-85
2019-04-05 08:59:06,5,-85
2019-04-05 09:09:06,5,-84
2019-04-05 09:19:06,5,-84
2019-04-05 09:29:07,5,-85
2019-04-05 09:39:07,5,-88
2019-04-05 09:49:07,5,-84
2019-04-05 09:59:08,5,-2990
2019-04-05 10:09:08,5,26
2019-04-05 10:19:08,5,-87
2019-04-05 10:29:09,5,-85
2019-04-05 10:39:09,5,-88
2019-04-05 10:49:09,5,-85
2019-04-05 10:59:10,5,-2980
2019-04-05 11:09:11,5,26
2019-04-05 11:19:11,5,-3012
2019-04-05 11:29:11,5,26
2019-04-05 11:39:12,5,-85
2019-04-05 11:49:12,5,-86
2019-04-05 11:59:12,5,-85
2019-04-06 12:09:13,5,-3041
2019-04-06 12:19:13,5,26
2019-04-06 12:29:14,5,-87
2019-04-06 12:39:14,5,-3037
2019-04-06 12:49:15,5,26
2019-04-06 12:59:15,5,-85
2019-04-06 01:09:15,5,-85
2019-04-06 01:19:16,5,-2989
2019-04-06 01:29:16,5,26
2019-04-06 01:39:16,5,-85
2019-04-06 01:49:17,5,-2998
2019-04-06 01:59:17,5,26
2019-04-06 02:09:18,5,-86
2019-04-06 02:19:18,5,-2967
2019-04-06 02:29:19,5,26
2019-04-06 02:39:19,5,-3020
2019-04-06 02:49:20,5,26
2019-04-06 02:59:20,5,-3004
2019-04-06 03:09:20,5,26
2019-04-06 03:19:21,4.87,-3012
2019-04-06 03:29:21,3.67,26
2019-04-06 03:39:22,3.02,-2990
2019-04-06 03:49:22,2.32,26
2019-04-06 03:59:23,1.93,-3005
2019-04-06 04:09:23,1.63,26
2019-04-06 04:19:24,1.44,-3009
2019-04-06 04:29:24,1.24,26
2019-04-06 04:39:24,1.07,-3037
2019-04-06 04:49:25,0.92,26
2019-04-06 04:59:25,0.89,-2995
2019-04-06 05:09:26,0.92,26
2019-04-06 05:19:26,0.88,-3035
2019-04-06 05:29:26,0.79,26
2019-04-06 05:39:27,0.72,-3015
2019-04-06 05:49:27,0.72,26
2019-04-06 05:59:28,0.72,-3046
2019-04-06 06:09:28,0.73,26
2019-04-06 06:19:29,0.77,-3013
2019-04-06 06:29:29,0.78,26
2019-04-06 06:39:29,0.73,-3031
2019-04-06 06:49:30,0.72,26
2019-04-06 06:59:30,0.74,-2988
2019-04-06 07:09:31,0.73,26
2019-04-06 07:19:31,0.71,-3030
2019-04-06 07:29:32,0.7,26
2019-04-06 07:39:32,0.71,-3048
2019-04-06 07:49:32,0.7,26
2019-04-06 07:59:33,0.67,-3029
2019-04-06 08:09:33,0.66,26
2019-04-06 08:19:34,0.66,-3048
2019-04-06 08:29:34,0.65,26
2019-04-06 08:39:35,0.65,-3002
2019-04-06 08:49:35,0.64,26
2019-04-06 08:59:35,0.63,-87
2019-04-06 09:09:36,0.62,-3006
2019-04-06 09:19:36,0.62,26
2019-04-06 09:29:37,0.62,-87
2019-04-06 09:39:37,0.62,-88
2019-04-06 09:49:37,0.62,-86
2019-04-06 09:59:38,0.63,-3030
2019-04-06 10:09:38,0.63,26
2019-04-06 10:19:39,0.63,-3042
2019-04-06 10:29:39,0.63,26
2019-04-06 10:39:39,0.63,-87
2019-04-06 10:59:45,0.63,-86
2019-04-06 11:09:45,0.63,-90
2019-04-06 11:19:45,0.63,-88
2019-04-06 11:29:46,0.64,-87
2019-04-06 11:39:46,0.65,-88
2019-04-06 11:49:46,0.65,-86
2019-04-06 11:59:47,0.66,-86
2019-04-06 12:09:47,0.67,-88
2019-04-06 12:19:47,0.67,-86
2019-04-06 12:29:48,0.69,-88
2019-04-06 12:39:48,0.7,-87
2019-04-06 12:49:48,0.7,-3045
2019-04-06 12:59:49,0.72,25
2019-04-06 01:09:49,0.8,-88
2019-04-06 01:19:49,0.73,-90
2019-04-06 01:29:50,0.74,-87
2019-04-06 01:39:50,0.75,-88
2019-04-06 01:49:50,0.77,-88
2019-04-06 01:59:51,0.79,-87
2019-04-06 02:09:51,0.8,-3046
2019-04-06 02:19:52,0.82,26
2019-04-06 02:29:52,0.83,-88
2019-04-06 02:39:53,0.86,-3039
2019-04-06 02:49:53,0.91,26
2019-04-06 02:59:53,0.91,-3064
2019-04-06 03:09:54,0.94,26
2019-04-06 03:19:54,0.95,-3058
2019-04-06 03:29:55,1,26
2019-04-06 03:39:55,1.05,-3043
2019-04-06 03:49:55,1.09,26
2019-04-06 03:59:56,1.34,-3040
2019-04-06 04:09:56,1.32,26
2019-04-06 04:19:57,1.4,-89
2019-04-06 04:29:57,1.5,-3047
2019-04-06 04:39:57,1.71,26
2019-04-06 04:49:58,1.92,-3050
2019-04-06 04:59:58,2.39,26
2019-04-06 05:09:59,3.18,-3047
2019-04-06 05:19:59,4.2,26
2019-04-06 05:30:00,5,-3045
2019-04-06 05:40:00,5,26
2019-04-06 05:50:00,5,-2982
2019-04-06 06:00:01,5,26
2019-04-06 06:10:01,5,-3033
2019-04-06 06:20:02,5,26
2019-04-06 06:30:02,5,-3047
2019-04-06 06:40:02,5,26
2019-04-06 06:50:03,5,-87
2019-04-06 07:00:03,5,-3008
2019-04-06 07:10:04,5,26
2019-04-06 07:20:04,5,-2991
2019-04-06 07:30:05,5,26
2019-04-06 07:40:05,5,-3036
2019-04-06 07:50:05,5,26
2019-04-06 08:00:06,5,-3046
2019-04-06 08:10:06,5,26
2019-04-06 08:20:07,5,-3065
2019-04-06 08:30:07,5,26
2019-04-06 08:40:08,5,-3046
2019-04-06 08:50:08,5,26
2019-04-06 09:00:08,5,-3022
2019-04-06 09:10:09,5,26
2019-04-06 09:20:09,5,-2989
2019-04-06 09:30:10,5,26
2019-04-06 09:40:10,5,-3012
2019-04-06 09:50:10,5,26
2019-04-06 10:00:11,5,-2969
2019-04-06 10:10:11,5,26
2019-04-06 10:20:12,5,-3013
2019-04-06 10:30:12,5,26
2019-04-06 10:40:13,5,-3047
2019-04-06 10:50:13,5,26
2019-04-06 11:00:14,5,-3010
2019-04-06 11:10:14,5,26
2019-04-06 11:20:15,5,-3041
2019-04-06 11:30:15,5,26
2019-04-06 11:40:15,5,-3002
2019-04-06 11:50:16,5,26
2019-04-07 12:00:16,5,-3001
2019-04-07 12:10:17,5,26
2019-04-07 12:20:18,5,-2985
2019-04-07 12:30:18,5,26
2019-04-07 12:40:19,5,-2996
2019-04-07 12:50:20,5,26
2019-04-07 01:00:20,5,-2999
2019-04-07 01:10:21,5,26
2019-04-07 01:20:21,5,-2996
2019-04-07 01:30:21,5,26
2019-04-07 01:40:22,5,-3020
2019-04-07 01:50:22,5,26
2019-04-07 02:00:23,5,-3016
2019-04-07 02:10:23,5,26
2019-04-07 02:20:24,5,-3057
2019-04-07 02:30:24,5,26
2019-04-07 02:40:25,5,-2973
2019-04-07 02:50:25,5,26
2019-04-07 03:00:25,5,-2992
2019-04-07 03:10:26,5,26
2019-04-07 03:20:26,4.58,-3006
2019-04-07 03:30:27,3.61,26
2019-04-07 03:40:27,2.74,-3022
2019-04-07 03:50:27,2.22,26
2019-04-07 04:00:28,1.86,-3006
2019-04-07 04:10:28,1.55,26
2019-04-07 04:20:29,1.25,-3022
2019-04-07 04:30:29,1.09,26
2019-04-07 04:40:30,1,-3025
2019-04-07 04:50:30,0.93,26
2019-04-07 05:00:31,0.75,-3012
2019-04-07 05:10:31,0.72,26
2019-04-07 05:20:32,0.66,-2996
2019-04-07 05:30:32,0.65,26
2019-04-07 05:40:32,0.75,-2994
2019-04-07 05:50:33,0.67,26
2019-04-07 06:00:33,0.74,-3012
2019-04-07 06:10:34,0.83,26
2019-04-07 06:20:34,0.84,-3036
2019-04-07 06:30:34,0.61,26
2019-04-07 06:40:35,0.55,-3060
2019-04-07 06:50:35,0.5,26
2019-04-07 07:00:36,0.57,-3018
2019-04-07 07:10:36,0.64,26
2019-04-07 07:20:37,0.61,-3009
2019-04-07 07:30:37,0.56,26
2019-04-07 07:40:38,0.53,-3027
2019-04-07 07:50:38,0.57,26
2019-04-07 08:00:39,0.6,-3029
2019-04-07 08:10:39,0.56,26
2019-04-07 08:20:39,0.55,-3047
2019-04-07 08:30:40,0.54,26
2019-04-07 08:40:40,0.52,-3039
2019-04-07 08:50:41,0.5,26
2019-04-07 09:00:41,0.5,-3032
2019-04-07 09:10:42,0.51,26
2019-04-07 09:20:42,0.51,-3035
2019-04-07 09:30:42,0.51,26
2019-04-07 09:40:43,0.51,-3037
2019-04-07 09:50:43,0.51,26
2019-04-07 10:00:44,0.51,-3023
2019-04-07 10:10:44,0.51,26
2019-04-07 10:20:45,0.51,-3065
2019-04-07 10:30:45,0.51,26
2019-04-07 10:40:45,0.51,-3058
2019-04-07 10:50:46,0.51,26
2019-04-07 11:00:46,0.51,-3021
2019-04-07 11:10:46,0.51,26
2019-04-07 11:20:47,0.51,-3024
2019-04-07 11:30:47,0.52,26
2019-04-07 11:40:48,0.49,-3058
2019-04-07 11:50:48,0.48,26
2019-04-07 12:00:49,0.5,-3060
2019-04-07 12:10:49,0.5,26
2019-04-07 12:20:49,0.49,-3037
2019-04-07 12:30:50,0.42,26
2019-04-07 12:40:50,0.5,-3048
2019-04-07 12:50:51,0.53,26
2019-04-07 01:00:51,0.43,-3046
2019-04-07 01:10:52,0.72,26
2019-04-07 01:20:52,0.67,-3042
2019-04-07 01:30:52,0.6,26
2019-04-07 01:40:53,0.6,-88
2019-04-07 01:50:53,0.63,-90
2019-04-07 02:00:54,0.62,-3026
2019-04-07 02:10:54,0.66,26
2019-04-07 02:20:55,0.61,-3068
2019-04-07 02:30:55,0.65,26
2019-04-07 02:40:55,0.76,-3041
2019-04-07 02:50:56,0.65,26
2019-04-07 03:00:56,0.91,-3051
2019-04-07 03:10:57,0.8,26
2019-04-07 03:20:57,1.01,-3054
2019-04-07 03:30:57,0.92,26
2019-04-07 03:40:58,1.09,-89
2019-04-07 03:50:58,1.15,-3052
2019-04-07 04:00:59,1.47,26
2019-04-07 04:10:59,1.48,-3005
2019-04-07 04:20:59,1.51,26
2019-04-07 04:31:00,1.79,-3043
2019-04-07 04:41:00,2.47,26
2019-04-07 04:51:01,3.08,-3037
2019-04-07 05:01:01,3.11,26
2019-04-07 05:11:02,3.48,-3044
2019-04-07 05:21:02,4.47,26
2019-04-07 05:31:02,5,-3033
2019-04-07 05:41:03,5,26
2019-04-07 06:01:03,5,26
2019-04-07 06:11:04,5,-3034
2019-04-07 06:21:04,5,26
2019-04-07 06:31:05,5,-3069
2019-04-07 06:41:05,5,26
2019-04-07 06:51:05,5,-3013
2019-04-07 07:01:06,5,26
2019-04-07 07:11:06,5,-3013
2019-04-07 07:21:07,5,26
2019-04-07 07:31:07,5,-3033
2019-04-07 07:41:07,5,26
2019-04-07 07:51:08,5,-3033
2019-04-07 08:01:08,5,26
2019-04-07 08:11:09,5,-3015
2019-04-07 08:21:09,5,26
2019-04-07 08:31:10,5,-3044
2019-04-07 08:41:10,5,26
2019-04-07 08:51:10,5,-3067
2019-04-07 09:01:11,5,26
2019-04-07 09:11:11,5,-3060
2019-04-07 09:31:12,5,-3023
2019-04-07 09:41:12,5,26
2019-04-07 09:51:13,5,-3057
2019-04-07 10:01:13,5,26
2019-04-07 10:11:14,5,-3010
2019-04-07 10:21:14,5,26
2019-04-07 10:31:15,5,-3036
2019-04-07 10:41:15,5,26
2019-04-07 10:51:15,5,-3030
2019-04-07 11:01:16,5,26
2019-04-07 11:11:16,5,-2997
2019-04-07 11:21:17,5,26
2019-04-07 11:31:17,5,-3019
2019-04-07 11:41:18,5,26
2019-04-07 11:51:18,5,-3030
2019-04-08 12:01:19,5,26
2019-04-08 12:11:19,5,-3018
2019-04-08 12:21:20,5,26
2019-04-08 12:31:20,5,-3011
2019-04-08 12:41:21,5,26
2019-04-08 12:51:21,5,-3034
2019-04-08 01:01:22,5,26
2019-04-08 01:11:22,5,-3036
2019-04-08 01:21:22,5,26
2019-04-08 01:31:23,5,-3003
2019-04-08 01:41:23,5,26
2019-04-08 01:51:24,5,-2983
2019-04-08 02:01:24,5,26
2019-04-08 02:21:25,5,26
2019-04-08 02:31:25,5,-3015
2019-04-08 02:41:26,5,26
2019-04-08 02:51:26,5,-3016
2019-04-08 03:01:27,5,26
2019-04-08 03:11:27,5,-3028
2019-04-08 03:21:28,5,26
2019-04-08 03:31:28,4.51,-3002
2019-04-08 03:41:28,3.65,26
2019-04-08 03:51:29,3.15,-3015
2019-04-08 04:01:29,2.94,26
2019-04-08 04:11:30,1.94,-3029
2019-04-08 04:21:30,2.28,26
2019-04-08 04:31:31,1.86,-3034
2019-04-08 04:41:31,1.5,26
2019-04-08 04:51:31,1.22,-3029
2019-04-08 05:01:32,1.5,26
2019-04-08 05:11:32,1.21,-3037
2019-04-08 05:21:33,1.18,26
2019-04-08 05:31:33,1.25,-3007
2019-04-08 05:41:34,1.01,26
2019-04-08 05:51:34,1.15,-3055
2019-04-08 06:01:34,0.89,26
2019-04-08 06:11:35,0.96,-2997
2019-04-08 06:21:35,1.01,26
2019-04-08 06:31:36,1.09,-3009
2019-04-08 06:41:36,0.98,26
2019-04-08 06:51:37,0.8,-3013
2019-04-08 07:01:37,0.96,26
2019-04-08 07:11:37,0.96,-3019
2019-04-08 07:21:38,0.86,26
2019-04-08 07:31:38,0.91,-3029
2019-04-08 07:51:44,0.65,19
2019-04-08 08:01:44,0.75,22
2019-04-08 08:11:44,0.8,22
2019-04-08 08:21:45,0.98,22
2019-04-08 08:31:45,0.91,22
2019-04-08 08:41:46,0.87,22
2019-04-08 08:51:46,1.14,22
2019-04-08 09:01:46,0.84,22
2019-04-08 09:11:47,1.09,22
2019-04-08 09:21:47,1.09,22
2019-04-08 09:31:48,1.02,22
2019-04-08 09:41:48,1.08,22
2019-04-08 09:51:48,0.87,22
2019-04-08 10:01:49,0.84,22
2019-04-08 10:11:49,0.67,22
2019-04-08 10:21:50,0.77,22
2019-04-08 10:31:50,0.79,22
2019-04-08 10:51:51,0.71,22
2019-04-08 11:01:51,0.73,22
2019-04-08 11:11:51,0.72,22
2019-04-08 11:21:52,0.45,22
2019-04-08 11:31:52,0.57,22
2019-04-08 11:41:53,0.58,22
2019-04-08 11:51:53,0.8,22
2019-04-08 12:01:53,0.66,22
2019-04-08 12:11:54,0.76,22
2019-04-08 12:21:54,0.57,22
2019-04-08 12:31:55,0.82,22
2019-04-08 12:41:55,0.87,22
2019-04-08 12:51:55,0.74,22
2019-04-08 01:01:56,1.04,22
2019-04-08 01:11:56,1.28,22
2019-04-08 01:21:57,1.27,22
2019-04-08 01:31:57,1.16,22
2019-04-08 01:41:57,1.22,22
2019-04-08 01:51:58,1.16,22
2019-04-08 02:01:58,0.95,22
2019-04-08 02:11:58,0.95,22
2019-04-08 02:21:59,1.22,22
2019-04-08 02:31:59,1.21,22
2019-04-08 02:41:59,0.83,22
2019-04-08 02:52:00,0.86,22
2019-04-08 03:02:00,1.05,22
2019-04-08 03:12:00,1.01,22
2019-04-08 03:22:01,1.05,22
2019-04-08 03:32:01,1.08,22
2019-04-08 03:42:01,1.42,22
2019-04-08 03:52:02,1.27,22
2019-04-08 04:02:02,1.69,22
2019-04-08 04:12:02,1.99,22
2019-04-08 04:22:03,1.92,22
2019-04-08 04:32:03,2.02,22
2019-04-08 04:42:03,2.83,22
2019-04-08 04:52:04,3.22,22
2019-04-08 05:02:04,3.96,22
2019-04-08 05:12:04,4.53,22
2019-04-08 05:22:05,4.92,22
2019-04-08 05:32:05,5,22
2019-04-08 05:42:05,5,22
2019-04-08 05:52:06,5,22
2019-04-08 06:02:06,5,22
2019-04-08 06:12:06,5,22
2019-04-08 06:22:07,5,22
2019-04-08 06:32:07,5,22
2019-04-08 06:42:07,5,22
2019-04-08 06:52:08,5,22
2019-04-08 07:02:08,5,22
2019-04-08 07:12:09,5,22
2019-04-08 07:22:09,5,22
2019-04-08 07:32:09,5,22
2019-04-08 07:42:10,5,22
2019-04-08 07:52:10,5,22
2019-04-08 08:02:10,5,22
2019-04-08 08:12:11,5,22
2019-04-08 08:22:11,5,22
2019-04-08 08:32:11,5,22
2019-04-08 08:42:12,5,22
2019-04-08 08:52:12,5,22
2019-04-08 09:02:12,5,22
2019-04-08 09:12:13,5,22
2019-04-08 09:22:13,5,22
2019-04-08 09:32:13,5,22
2019-04-08 09:42:14,5,22
2019-04-08 09:52:14,5,22
2019-04-08 10:02:14,5,22
2019-04-08 10:12:15,5,22
2019-04-08 10:22:15,5,22
2019-04-08 10:32:15,5,22
2019-04-08 10:42:16,5,22
2019-04-08 10:52:16,5,22
2019-04-08 11:02:16,5,22
2019-04-08 11:12:17,5,22
2019-04-08 11:22:17,5,22
2019-04-08 11:32:17,5,22
2019-04-08 11:42:18,5,22
2019-04-08 11:52:18,5,22
2019-04-09 12:02:18,5,22
2019-04-09 12:12:19,5,22
2019-04-09 12:22:19,5,22
2019-04-09 12:32:19,5,22
2019-04-09 12:42:20,5,22
2019-04-09 12:52:20,5,22
2019-04-09 01:02:20,5,22
2019-04-09 01:12:21,5,22
2019-04-09 01:22:21,5,22
2019-04-09 01:32:21,5,22
2019-04-09 01:42:22,5,22
2019-04-09 01:52:22,5,22
2019-04-09 02:02:23,5,22
2019-04-09 02:12:23,5,22
2019-04-09 02:22:23,5,22
2019-04-09 02:32:23,5,22
2019-04-09 02:42:24,5,22
2019-04-09 02:52:24,5,22
2019-04-09 03:02:24,5,22
2019-04-09 03:12:25,5,22
2019-04-09 03:22:25,5,22
2019-04-09 03:32:26,5,22
2019-04-09 03:42:26,4.23,22
2019-04-09 03:52:26,3.24,22
2019-04-09 04:02:27,3.03,22
2019-04-09 04:12:27,2.48,22
2019-04-09 04:22:27,2.43,22
2019-04-09 04:32:28,2.25,22
2019-04-09 04:42:28,2.18,22
2019-04-09 04:52:28,1.8,22
2019-04-09 05:02:29,1.9,22
2019-04-09 05:12:29,1.41,22
2019-04-09 05:22:29,1.29,22
2019-04-09 05:32:30,1.07,22
2019-04-09 05:42:30,0.98,22
2019-04-09 05:52:30,1.08,22
2019-04-09 06:02:31,0.92,22
2019-04-09 06:12:31,0.86,22
2019-04-09 06:22:31,0.86,22
2019-04-09 06:32:32,0.83,22
2019-04-09 06:42:33,0.91,22
2019-04-09 06:52:33,1,22
2019-04-09 07:02:34,0.73,22
2019-04-09 07:12:34,0.73,22
2019-04-09 07:22:34,0.58,22
2019-04-09 07:32:35,0.65,22
2019-04-09 07:42:35,0.71,22
2019-04-09 07:52:36,0.71,22
2019-04-09 08:02:36,0.57,22
2019-04-09 08:12:37,0.74,22
2019-04-09 08:22:37,0.66,22
2019-04-09 08:32:37,0.81,22
2019-04-09 08:42:38,0.69,22
2019-04-09 08:52:38,0.86,22
2019-04-09 09:02:39,0.98,22
2019-04-09 09:12:39,0.95,22
2019-04-09 09:22:39,0.83,22
2019-04-09 09:32:40,1,22
2019-04-09 09:42:40,0.65,22
2019-04-09 09:52:41,0.77,22
2019-04-09 10:12:41,0.65,22
2019-04-09 10:22:42,0.59,22
2019-04-09 10:32:42,0.54,22
2019-04-09 10:42:42,0.55,22
2019-04-09 10:52:43,0.5,22
2019-04-09 11:02:43,0.52,22
2019-04-09 11:12:43,0.57,22
2019-04-09 11:22:44,0.57,22
2019-04-09 11:32:44,0.56,22
2019-04-09 11:42:45,0.67,22
2019-04-09 11:52:45,0.78,22
2019-04-09 12:02:45,0.54,22
2019-04-09 12:12:46,0.48,22
2019-04-09 12:22:46,0.46,22
2019-04-09 12:32:47,0.47,22
2019-04-09 12:42:47,0.45,22
2019-04-09 12:52:47,0.44,22
2019-04-09 01:02:48,0.5,22
2019-04-09 01:12:48,0.49,22
2019-04-09 01:22:49,0.6,22
2019-04-09 01:32:49,0.5,22
2019-04-09 01:42:49,0.48,22
2019-04-09 01:52:50,0.6,22
2019-04-09 02:02:50,0.67,22
2019-04-09 02:12:50,0.79,22
2019-04-09 02:22:51,0.74,22
2019-04-09 02:32:51,0.65,22
2019-04-09 02:42:51,0.73,22
2019-04-09 02:52:52,0.78,22
2019-04-09 03:02:52,0.81,22
2019-04-09 03:12:53,0.97,22
2019-04-09 03:22:53,0.85,22
2019-04-09 03:32:53,0.88,22
2019-04-09 03:42:54,1.14,22
2019-04-09 03:52:54,1.1,22
2019-04-09 04:02:54,1.24,22
2019-04-09 04:12:55,1.43,22
2019-04-09 04:22:55,1.61,22
2019-04-09 04:32:56,2.03,22
2019-04-09 04:42:56,2.38,22
2019-04-09 04:52:56,2.78,22
2019-04-09 05:02:57,2.86,22
2019-04-09 05:12:57,2.65,22
2019-04-09 05:22:57,3.33,22
2019-04-09 05:32:58,3.5,22
2019-04-09 05:42:58,3.58,22
2019-04-09 05:52:58,3.67,22
2019-04-09 06:02:59,3.64,22
2019-04-09 06:12:59,3.78,22
2019-04-09 06:22:59,3.65,22
2019-04-09 06:33:00,3.76,22
2019-04-09 06:43:00,3.76,22
2019-04-09 06:53:00,3.65,22
2019-04-09 07:03:00,3.7,22
2019-04-09 07:13:01,5,22
2019-04-09 07:23:01,5,22
2019-04-09 07:33:01,5,22
2019-04-09 07:43:02,5,22
2019-04-09 07:53:02,5,22
2019-04-09 08:03:02,5,22
2019-04-09 08:13:03,5,22
2019-04-09 08:23:03,5,22
2019-04-09 08:33:04,5,22
2019-04-09 08:43:04,5,22
2019-04-09 08:53:04,5,22
2019-04-09 09:03:05,5,22
2019-04-09 09:13:05,5,22
2019-04-09 09:23:06,5,22
2019-04-09 09:33:06,5,22
2019-04-09 09:43:07,5,22
2019-04-09 09:53:07,5,22
2019-04-09 10:03:08,5,22
2019-04-09 10:13:08,5,22
2019-04-09 10:23:09,5,22
2019-04-09 10:33:09,5,22
2019-04-09 10:43:09,5,22
2019-04-09 10:53:10,5,22
2019-04-09 11:03:10,5,22
2019-04-09 11:13:11,5,22
2019-04-09 11:23:11,5,22
2019-04-09 11:33:12,5,22
2019-04-09 11:43:12,5,21
2019-04-09 11:53:13,5,22
2019-04-10 12:03:13,5,22
2019-04-10 12:13:14,5,22
2019-04-10 12:23:14,5,22
2019-04-10 12:33:15,5,22
2019-04-10 12:43:15,5,22
2019-04-10 12:53:15,5,22
2019-04-10 01:03:16,5,22
2019-04-10 01:13:16,5,22
2019-04-10 01:23:17,5,22
2019-04-10 01:33:17,5,22
2019-04-10 01:43:18,5,22
2019-04-10 01:53:18,5,22
2019-04-10 02:03:19,5,22
2019-04-10 02:13:19,5,22
2019-04-10 02:23:20,5,22
2019-04-10 02:33:20,5,22
2019-04-10 02:43:21,5,22
2019-04-10 02:53:21,5,22
2019-04-10 03:03:22,5,22
2019-04-10 03:13:22,5,22
2019-04-10 03:23:23,5,22
2019-04-10 03:33:23,4.71,22
2019-04-10 03:43:23,3.89,22
2019-04-10 03:53:24,3.55,22
2019-04-10 04:03:24,2.72,22
2019-04-10 04:13:25,2.65,22
2019-04-10 04:23:25,2.2,22
2019-04-10 04:33:25,1.98,22
2019-04-10 04:43:26,1.89,22
2019-04-10 04:53:26,1.87,22
2019-04-10 05:03:27,1.6,21
2019-04-10 05:13:27,1.38,22
2019-04-10 05:23:27,1.37,22
2019-04-10 05:33:28,1.15,22
2019-04-10 05:43:28,1.1,22
2019-04-10 05:53:28,1.05,22
2019-04-10 06:03:29,0.97,22
2019-04-10 06:13:29,0.93,22
2019-04-10 06:23:29,0.91,22
2019-04-10 06:33:30,0.88,22
2019-04-10 06:43:30,0.89,22
2019-04-10 06:53:30,0.89,22
2019-04-10 07:03:31,0.91,22
2019-04-10 07:13:32,0.94,22
2019-04-10 07:23:32,0.93,22
2019-04-10 07:33:33,0.94,22
2019-04-10 07:43:33,0.82,22
2019-04-10 07:53:33,0.74,22
2019-04-10 08:03:34,0.73,22
2019-04-10 08:13:34,0.74,22
2019-04-10 08:23:34,0.72,22
2019-04-10 08:33:35,0.66,22
2019-04-10 08:43:35,0.74,22
2019-04-10 08:53:36,0.65,22
2019-04-10 09:03:36,0.69,22
2019-04-10 09:13:36,0.59,22
2019-04-10 09:23:38,0.57,22
2019-04-10 09:33:38,0.64,22
2019-04-10 09:43:39,0.51,22
2019-04-10 09:53:39,0.59,22
2019-04-10 10:03:39,0.55,22
2019-04-10 10:13:40,0.62,22
2019-04-10 10:23:40,0.65,22
2019-04-10 10:33:41,0.56,22
2019-04-10 10:43:41,0.57,22
2019-04-10 10:53:41,0.68,22
2019-04-10 11:03:42,0.71,22
2019-04-10 11:13:42,0.66,22
2019-04-10 11:23:42,0.63,22
2019-04-10 11:33:43,0.62,22
2019-04-10 11:43:43,0.61,22
2019-04-10 11:53:44,0.66,22
2019-04-10 12:03:44,0.62,22
2019-04-10 12:13:44,0.63,22
2019-04-10 12:23:45,0.66,22
2019-04-10 12:33:45,0.71,22
2019-04-10 12:43:45,0.65,22
2019-04-10 12:53:46,0.73,22
2019-04-10 01:03:46,0.72,22
2019-04-10 01:13:47,0.75,22
2019-04-10 01:23:47,0.75,22
2019-04-10 01:33:47,0.79,22
2019-04-10 01:43:48,0.79,21
2019-04-10 01:53:48,0.79,22
2019-04-10 02:03:48,0.92,21
2019-04-10 02:13:49,0.9,22
2019-04-10 02:23:49,0.96,22
2019-04-10 02:33:49,1.05,22
2019-04-10 02:43:50,1.2,22
2019-04-10 02:53:50,1.24,22
2019-04-10 03:03:50,1.24,22
2019-04-10 03:13:51,1.44,21
2019-04-10 03:23:51,1.24,21
2019-04-10 03:33:51,1.16,22
2019-04-10 03:43:52,1.57,22
2019-04-10 03:53:52,1.77,22
2019-04-10 04:03:52,1.92,21
2019-04-10 04:13:53,2.33,22
2019-04-10 04:23:53,2.64,21
2019-04-10 04:33:53,2.76,22
2019-04-10 04:43:54,3.01,22
2019-04-10 04:53:54,3.29,22
2019-04-10 05:03:54,3.7,22
2019-04-10 05:13:55,4.16,22
2019-04-10 05:23:55,4.61,21
2019-04-10 05:33:55,4.98,21
2019-04-10 05:43:56,5,22
2019-04-10 05:53:56,5,21
2019-04-10 06:03:56,5,21
2019-04-10 06:13:57,5,21
2019-04-10 06:23:57,5,22
2019-04-10 06:33:57,5,21
2019-04-10 06:43:58,5,21
2019-04-10 06:53:58,5,21
2019-04-10 07:03:59,5,22
2019-04-10 07:14:00,5,22
2019-04-10 07:24:00,5,21
2019-04-10 07:34:00,5,22
2019-04-10 07:44:01,5,21
2019-04-10 07:54:01,5,22
2019-04-10 08:04:02,5,22
2019-04-10 08:14:02,5,22
2019-04-10 08:24:03,5,22
2019-04-10 08:34:03,5,22
2019-04-10 08:44:04,5,21
2019-04-10 08:54:04,5,22
2019-04-10 09:04:05,5,22
2019-04-10 09:14:05,5,21
2019-04-10 09:24:06,5,22
2019-04-10 09:34:06,5,22
2019-04-10 09:44:07,5,22
2019-04-10 09:54:07,5,22
2019-04-10 10:04:07,5,21
2019-04-10 10:14:08,5,22
2019-04-10 10:24:08,5,22
2019-04-10 10:34:09,5,22
2019-04-10 10:44:09,5,22
2019-04-10 10:54:10,5,22
2019-04-10 11:04:10,5,22
2019-04-10 11:14:10,5,22
2019-04-10 11:24:11,5,22
2019-04-10 11:34:11,5,22
2019-04-10 11:44:12,5,22
2019-04-10 11:54:12,5,22
2019-04-11 12:04:13,5,22
2019-04-11 12:14:13,5,22
2019-04-11 12:24:14,5,22
2019-04-11 12:34:14,5,22
2019-04-11 12:44:15,5,22
2019-04-11 12:54:15,5,22
2019-04-11 01:04:16,5,22
2019-04-11 01:14:16,5,22
2019-04-11 01:24:16,5,22
2019-04-11 01:34:17,5,22
2019-04-11 01:44:17,5,22
2019-04-11 01:54:18,5,22
2019-04-11 02:04:18,5,22
2019-04-11 02:14:19,5,22
2019-04-11 02:24:19,5,22
2019-04-11 02:34:20,5,22
2019-04-11 02:44:20,5,22
2019-04-11 02:54:21,5,22
2019-04-11 03:04:21,5,22
2019-04-11 03:14:22,4.33,22
2019-04-11 03:24:22,3.39,22
2019-04-11 03:34:22,2.83,22
2019-04-11 03:44:23,2.29,22
2019-04-11 03:54:23,1.82,22
2019-04-11 04:04:24,1.43,22
2019-04-11 04:14:24,1.5,22
2019-04-11 04:24:25,1.06,22
2019-04-11 04:34:25,0.82,22
2019-04-11 04:44:25,1.13,21
2019-04-11 04:54:26,0.96,22
2019-04-11 05:04:26,0.94,22
2019-04-11 05:14:27,0.88,22
2019-04-11 05:24:27,0.87,22
2019-04-11 05:34:28,0.74,22
2019-04-11 05:44:28,0.79,22
2019-04-11 05:54:29,0.86,22
2019-04-11 06:04:29,0.77,22
2019-04-11 06:14:29,0.86,22
2019-04-11 06:24:30,0.84,22
2019-04-11 06:34:30,0.71,22
2019-04-11 06:44:31,0.68,22
2019-04-11 06:54:31,0.77,22
2019-04-11 07:04:31,0.73,22
2019-04-11 07:14:32,0.74,22
2019-04-11 07:24:32,0.65,22
2019-04-11 07:34:32,0.65,21
2019-04-11 07:44:33,0.72,22
2019-04-11 07:54:33,0.64,22
2019-04-11 08:04:34,0.64,22
2019-04-11 08:14:34,0.63,22
2019-04-11 08:24:35,0.62,22
2019-04-11 08:34:35,0.62,22
2019-04-11 08:44:35,0.61,22
2019-04-11 08:54:36,0.68,22
2019-04-11 09:04:36,0.61,22
2019-04-11 09:14:37,0.61,21
2019-04-11 09:24:37,0.61,21
2019-04-11 09:34:37,0.61,21
2019-04-11 09:44:38,0.6,22
2019-04-11 09:54:38,0.6,21
2019-04-11 10:04:38,0.64,22
2019-04-11 10:14:39,0.37,22
2019-04-11 10:24:39,0.4,21
2019-04-11 10:34:40,0.4,22
2019-04-11 10:44:40,0.41,21
2019-04-11 10:54:40,0.42,21
2019-04-11 11:04:41,0.45,21
2019-04-11 11:14:41,0.42,21
2019-04-11 11:24:42,0.43,21
2019-04-11 11:34:42,0.4,21
2019-04-11 11:44:42,0.43,22
2019-04-11 11:54:43,0.42,21
2019-04-11 12:04:43,0.49,22
2019-04-11 12:14:43,0.45,21
2019-04-11 12:24:44,0.47,21
2019-04-11 12:34:44,0.47,21
2019-04-11 12:44:46,0.48,21
2019-04-11 12:54:46,0.48,22
2019-04-11 01:04:46,0.6,21
2019-04-11 01:14:47,0.58,22
2019-04-11 01:24:47,0.65,21
2019-04-11 01:34:48,0.62,21
2019-04-11 01:44:48,0.73,22
2019-04-11 01:54:48,0.75,21
2019-04-11 02:04:49,0.84,22
2019-04-11 02:14:49,0.78,22
2019-04-11 02:24:50,0.87,22
2019-04-11 02:34:50,0.82,22
2019-04-11 02:44:50,0.85,21
2019-04-11 02:54:51,0.88,22
2019-04-11 03:04:51,0.91,22
2019-04-11 03:14:52,0.95,21
2019-04-11 03:24:52,1.05,22
2019-04-11 03:34:52,1.01,22
2019-04-11 03:44:53,1.05,22
2019-04-11 03:54:53,1.1,22
2019-04-11 04:04:53,1.17,21
2019-04-11 04:14:54,1.24,22
2019-04-11 04:24:54,1.31,22
2019-04-11 04:34:54,1.42,22
2019-04-11 04:44:55,1.59,22
2019-04-11 04:54:55,1.93,22
2019-04-11 05:04:56,2.25,22
2019-04-11 05:14:56,2.91,22
2019-04-11 05:24:56,3.65,22
2019-04-11 05:34:57,4.76,22
2019-04-11 05:44:57,5,22
2019-04-11 05:54:58,5,21
2019-04-11 06:04:58,5,22
2019-04-11 06:14:59,5,22
2019-04-11 06:24:59,5,21
2019-04-11 06:35:00,5,21
2019-04-11 06:45:00,5,21
2019-04-11 06:55:00,5,21
2019-04-11 07:05:01,5,22
2019-04-11 07:15:01,5,22
2019-04-11 07:25:02,5,21
2019-04-11 07:35:02,5,22
2019-04-11 07:45:02,5,21
2019-04-11 07:55:03,5,21
2019-04-11 08:05:03,5,21
2019-04-11 08:15:04,5,22
2019-04-11 08:25:04,5,21
2019-04-11 08:35:05,5,22
2019-04-11 08:45:05,5,21
2019-04-11 08:55:06,5,21
2019-04-11 09:05:06,5,21
2019-04-11 09:15:07,5,21
2019-04-11 09:25:07,5,21
2019-04-11 09:35:08,5,21
2019-04-11 09:45:08,5,21
2019-04-11 09:55:08,5,21
2019-04-11 10:05:09,5,21
2019-04-11 10:15:09,5,21
2019-04-11 10:25:10,5,21
2019-04-11 10:35:10,5,21
2019-04-11 10:45:11,5,21
2019-04-11 10:55:11,5,21
2019-04-11 11:05:12,5,21
2019-04-11 11:15:12,5,21
2019-04-11 11:25:12,5,21
2019-04-11 11:35:13,5,21
2019-04-11 11:45:13,5,21
2019-04-11 11:55:14,5,21
2019-04-12 12:05:15,5,21
2019-04-12 12:15:16,5,21
2019-04-12 12:25:16,5,21
2019-04-12 12:35:17,5,21
2019-04-12 12:45:17,5,22
2019-04-12 12:55:17,5,22
2019-04-12 01:05:18,5,22
2019-04-12 01:15:18,5,22
2019-04-12 01:25:19,5,21
2019-04-12 01:35:19,5,22
2019-04-12 01:45:19,5,21
2019-04-12 01:55:20,5,21
2019-04-12 02:05:20,5,21
2019-04-12 02:15:20,5,22
2019-04-12 02:25:21,5,21
2019-04-12 02:35:21,5,21
2019-04-12 02:45:22,5,22
2019-04-12 02:55:22,5,21
2019-04-12 03:05:23,4.76,22
2019-04-12 03:15:23,3.75,21
2019-04-12 03:25:24,2.91,21
2019-04-12 03:35:24,2.35,21
2019-04-12 03:45:25,1.97,21
2019-04-12 03:55:25,1.66,22
2019-04-12 04:05:26,1.56,21
2019-04-12 04:15:26,1.44,21
2019-04-12 04:25:27,1.31,21
2019-04-12 04:35:27,1.03,21
2019-04-12 04:45:27,1.04,21
2019-04-12 04:55:28,1.1,21
2019-04-12 05:05:28,0.98,22
2019-04-12 05:15:29,1.08,21
2019-04-12 05:25:29,0.97,22
2019-04-12 05:35:29,1,22
2019-04-12 05:45:30,0.89,22
2019-04-12 05:55:30,0.88,22
2019-04-12 06:05:30,0.84,22
2019-04-12 06:15:31,0.83,22
2019-04-12 06:25:31,0.8,22
2019-04-12 06:35:31,0.78,22
2019-04-12 06:45:32,0.77,22
2019-04-12 06:55:32,0.73,22
2019-04-12 07:05:32,0.73,22
2019-04-12 07:15:33,0.77,22
2019-04-12 07:25:33,0.83,22
2019-04-12 07:35:33,0.83,22
2019-04-12 07:45:34,0.72,21
2019-04-12 07:55:34,0.51,22
2019-04-12 08:05:35,0.65,22
2019-04-12 08:15:35,0.44,22
2019-04-12 08:25:35,0.56,22
2019-04-12 08:35:36,0.64,22
2019-04-12 08:45:36,0.64,22
2019-04-12 08:55:37,0.65,22
2019-04-12 09:05:37,0.64,22
2019-04-12 09:15:37,0.72,21
2019-04-12 09:25:38,0.64,22
2019-04-12 09:35:38,0.64,22
2019-04-12 09:45:38,0.65,22
2019-04-12 09:55:39,0.64,22
2019-04-12 10:05:39,0.64,22
2019-04-12 10:15:40,0.63,20
2019-04-12 10:25:40,0.65,20
2019-04-12 10:35:40,0.62,20
2019-04-12 10:45:41,0.62,20
2019-04-12 10:55:41,0.62,20
2019-04-12 11:05:42,0.62,20
2019-04-12 11:15:42,0.64,20
2019-04-12 11:25:42,0.65,20
2019-04-12 11:35:43,0.66,20
2019-04-12 11:45:43,0.66,20
2019-04-12 11:55:43,0.75,20
2019-04-12 12:05:44,0.67,20
2019-04-12 12:15:44,0.69,20
2019-04-12 12:25:45,0.77,20
2019-04-12 12:35:45,0.7,20
2019-04-12 12:45:45,0.78,20
2019-04-12 12:55:46,0.71,20
2019-04-12 01:05:46,0.72,20
2019-04-12 01:15:46,0.8,20
2019-04-12 01:25:47,0.82,20
2019-04-12 01:35:47,0.75,20
2019-04-12 01:45:47,0.76,20
2019-04-12 01:55:48,0.75,20
2019-04-12 02:05:48,0.91,20
2019-04-12 02:15:48,0.81,20
2019-04-12 02:25:49,0.82,20
2019-04-12 02:35:49,0.84,20
2019-04-12 02:45:50,0.86,20
2019-04-12 02:55:50,0.89,20
2019-04-12 03:15:55,0.96,20
2019-04-12 03:25:56,0.99,20
2019-04-12 03:35:56,1.02,20
2019-04-12 03:45:56,1.03,20
2019-04-12 03:55:57,1.07,20
2019-04-12 04:05:57,1.15,20
2019-04-12 04:15:57,1.25,20
2019-04-12 04:25:58,1.28,20
2019-04-12 04:35:58,1.31,20
2019-04-12 04:45:58,1.48,20
2019-04-12 04:55:59,1.95,20
2019-04-12 05:05:59,2.27,20
2019-04-12 05:15:59,2.77,20
2019-04-12 05:26:00,3.3,20
2019-04-12 05:36:00,4.2,20
2019-04-12 05:46:00,5,20
2019-04-12 05:56:01,5,20
2019-04-12 06:06:01,5,20
2019-04-12 06:16:02,5,20
2019-04-12 06:26:02,5,20
2019-04-12 06:36:03,5,20
2019-04-12 06:46:03,5,20
2019-04-12 06:56:03,5,20
2019-04-12 07:06:04,5,20
2019-04-12 07:16:04,5,20
2019-04-12 07:26:05,5,20
2019-04-12 07:36:05,5,20
2019-04-12 07:46:06,5,20
2019-04-12 07:56:06,5,20
2019-04-12 08:06:07,5,20
2019-04-12 08:16:07,5,20
2019-04-12 08:26:07,5,20
2019-04-12 08:36:08,5,20
2019-04-12 08:46:08,5,20
2019-04-12 08:56:09,5,20
2019-04-12 09:06:09,5,20
2019-04-12 09:16:10,5,20
2019-04-12 09:26:10,5,20
2019-04-12 09:36:11,5,20
2019-04-12 09:46:11,5,20
2019-04-12 09:56:11,5,20
2019-04-12 10:06:12,5,20
2019-04-12 10:16:12,5,20
2019-04-12 10:36:13,5,20
2019-04-12 10:46:14,5,20
2019-04-12 10:56:14,5,20
2019-04-12 11:06:15,5,20
2019-04-12 11:16:15,5,20
2019-04-12 11:26:16,5,20
2019-04-12 11:36:16,5,20
2019-04-12 11:46:16,5,20
2019-04-12 11:56:17,5,20
2019-04-13 12:06:17,5,20
2019-04-13 12:16:18,5,20
2019-04-13 12:26:18,5,20
2019-04-13 12:36:19,5,20
2019-04-13 12:46:19,5,20
2019-04-13 12:56:20,5,20
2019-04-13 01:06:20,5,20
2019-04-13 01:16:20,5,20
2019-04-13 01:26:21,5,19
2019-04-13 01:36:21,5,20
2019-04-13 01:46:22,5,20
2019-04-13 01:56:22,5,20
2019-04-13 02:06:23,5,19
2019-04-13 02:26:23,5,19
2019-04-13 02:36:24,5,20
2019-04-13 02:46:24,5,20
2019-04-13 02:56:25,5,20
2019-04-13 03:06:25,4.97,20
2019-04-13 03:16:26,3.99,20
2019-04-13 03:26:26,3.31,20
2019-04-13 03:36:27,2.76,19
2019-04-13 03:46:27,2.39,20
2019-04-13 03:56:28,2.02,20
2019-04-13 04:06:28,1.76,20
2019-04-13 04:16:29,1.43,19
2019-04-13 04:26:29,1.5,20
2019-04-13 04:36:30,1.41,20
2019-04-13 04:46:30,1.48,20
2019-04-13 04:56:31,1.22,19
2019-04-13 05:06:31,0.94,20
2019-04-13 05:16:31,0.8,20
2019-04-13 05:26:32,0.8,19
2019-04-13 05:36:32,0.69,20
2019-04-13 05:46:33,0.66,20
2019-04-13 05:56:33,0.65,19
2019-04-13 06:06:34,0.62,20
2019-04-13 06:16:34,0.55,20
2019-04-13 06:26:35,0.61,19
2019-04-13 06:36:35,0.53,20
2019-04-13 06:46:35,0.53,20
2019-04-13 06:56:36,0.56,20
2019-04-13 07:06:36,0.52,20
2019-04-13 07:16:37,0.5,20
2019-04-13 07:26:37,0.49,20
2019-04-13 07:36:37,0.42,20
2019-04-13 07:46:38,0.43,20
2019-04-13 07:56:38,0.67,20
2019-04-13 08:06:39,0.74,20
2019-04-13 08:16:39,0.74,20
2019-04-13 08:26:39,0.74,19
2019-04-13 08:36:40,0.46,20
2019-04-13 08:46:40,0.45,20
2019-04-13 08:56:41,0.49,19
2019-04-13 09:06:41,0.9,20
2019-04-13 09:16:41,0.71,20
2019-04-13 09:26:42,0.64,19
2019-04-13 09:36:42,0.59,20
2019-04-13 09:46:43,0.72,20
2019-04-13 09:56:43,0.55,20
2019-04-13 10:06:43,0.42,20
2019-04-13 10:16:44,0.52,20
2019-04-13 10:26:44,0.38,20
2019-04-13 10:36:44,0.39,20
2019-04-13 10:46:45,0.4,20
2019-04-13 10:56:45,0.41,20
2019-04-13 11:06:45,0.42,20
2019-04-13 11:16:46,0.43,20
2019-04-13 11:26:46,0.42,20
2019-04-13 11:36:46,0.59,20
2019-04-13 11:46:47,0.42,20
2019-04-13 11:56:47,0.43,20
2019-04-13 12:06:47,0.43,20
2019-04-13 12:16:48,0.45,20
2019-04-13 12:26:48,0.57,20
2019-04-13 12:36:48,0.65,20
2019-04-13 12:46:49,0.54,20
2019-04-13 12:56:49,0.85,20
2019-04-13 01:06:49,0.7,20
2019-04-13 01:16:50,0.73,20
2019-04-13 01:26:50,0.73,20
2019-04-13 01:36:50,0.75,20
2019-04-13 01:46:51,0.77,20
2019-04-13 01:56:51,0.78,21
2019-04-13 02:06:51,0.79,20
2019-04-13 02:16:52,0.82,20
2019-04-13 02:26:52,0.83,20
2019-04-13 02:36:52,0.85,20
2019-04-13 02:46:53,0.87,20
2019-04-13 02:56:53,0.89,20
2019-04-13 03:06:53,0.92,20
2019-04-13 03:16:54,0.95,20
2019-04-13 03:26:54,0.97,21
2019-04-13 03:36:54,1.01,20
2019-04-13 03:46:55,1.03,20
2019-04-13 03:56:55,0.95,20
2019-04-13 04:06:55,1.03,21
2019-04-13 04:16:56,1.05,21
2019-04-13 04:26:56,1.12,20
2019-04-13 04:36:56,1.26,21
2019-04-13 04:46:57,1.3,21
2019-04-13 04:56:57,1.76,21
2019-04-13 05:06:57,2.18,21
2019-04-13 05:16:58,2.68,21
2019-04-13 05:26:58,3.39,21
2019-04-13 05:36:58,4.46,20
2019-04-13 05:46:59,5,20
2019-04-13 05:56:59,5,20
2019-04-13 06:07:00,5,20
2019-04-13 06:17:00,5,21
2019-04-13 06:27:01,5,21
2019-04-13 06:37:01,5,20
2019-04-13 06:47:02,5,20
2019-04-13 06:57:02,5,20
2019-04-13 07:07:02,5,21
2019-04-13 07:17:03,5,20
2019-04-13 07:27:03,5,20
2019-04-13 07:37:04,5,20
2019-04-13 07:47:04,5,20
2019-04-13 07:57:05,5,20
2019-04-13 08:07:05,5,20
2019-04-13 08:17:06,5,20
2019-04-13 08:27:06,5,20
2019-04-13 08:37:07,5,20
2019-04-13 08:47:07,5,20
2019-04-13 08:57:07,5,21
2019-04-13 09:07:08,5,20
2019-04-13 09:17:08,5,20
2019-04-13 09:27:09,5,20
2019-04-13 09:37:09,5,20
2019-04-13 09:47:10,5,20
2019-04-13 09:57:10,5,20
2019-04-13 10:07:11,5,20
2019-04-13 10:17:11,5,20
2019-04-13 10:27:12,5,20
2019-04-13 10:37:12,5,20
2019-04-13 10:47:13,5,20
2019-04-13 10:57:13,5,20
2019-04-13 11:07:14,5,20
2019-04-13 11:17:14,5,20
2019-04-13 11:27:15,5,20
2019-04-13 11:37:15,5,20
2019-04-13 11:47:15,5,20
2019-04-13 11:57:16,5,20
2019-04-14 12:07:16,5,20
2019-04-14 12:17:17,5,20
2019-04-14 12:27:17,5,20
2019-04-14 12:37:18,5,20
2019-04-14 12:47:18,5,20
2019-04-14 12:57:19,5,20
2019-04-14 01:07:19,5,20
2019-04-14 01:17:20,5,20
2019-04-14 01:27:20,5,20
2019-04-14 01:37:21,5,20
2019-04-14 01:47:21,5,20
2019-04-14 01:57:22,5,20
2019-04-14 02:07:22,5,20
2019-04-14 02:17:23,5,20
2019-04-14 02:27:23,5,20
2019-04-14 02:37:24,5,20
2019-04-14 02:47:24,5,20
2019-04-14 02:57:25,5,20
2019-04-14 03:07:25,4.41,20
2019-04-14 03:17:25,3.61,20
2019-04-14 03:27:26,2.96,20
2019-04-14 03:37:26,2.33,20
2019-04-14 03:47:27,2.12,20
2019-04-14 03:57:27,1.71,20
2019-04-14 04:07:28,1.39,20
2019-04-14 04:17:28,1.12,20
2019-04-14 04:27:29,1.1,20
2019-04-14 04:37:29,0.95,20
2019-04-14 04:47:30,0.93,20
2019-04-14 04:57:30,0.85,20
2019-04-14 05:07:30,0.77,20
2019-04-14 05:17:31,0.64,20
2019-04-14 05:27:31,0.75,20
2019-04-14 05:37:32,0.86,20
2019-04-14 05:47:32,0.75,20
2019-04-14 05:57:33,0.87,20
2019-04-14 06:07:33,0.95,19
2019-04-14 06:17:34,0.65,20
2019-04-14 06:27:34,0.6,20
2019-04-14 06:37:34,0.47,20
2019-04-14 06:47:35,0.53,20
2019-04-14 06:57:35,0.51,20
2019-04-14 07:07:35,0.41,20
2019-04-14 07:17:36,0.52,20
2019-04-14 07:27:36,0.45,20
2019-04-14 07:37:37,0.55,20
2019-04-14 07:47:37,0.5,20
2019-04-14 07:57:38,0.47,20
2019-04-14 08:07:38,0.39,20
2019-04-14 08:17:38,0.4,20
2019-04-14 08:27:39,0.46,20
2019-04-14 08:37:39,0.56,20
2019-04-14 08:47:40,0.51,20
2019-04-14 08:57:40,0.6,20
2019-04-14 09:07:40,0.5,20
2019-04-14 09:17:41,0.59,20
2019-04-14 09:27:41,0.55,20
2019-04-14 09:37:42,0.62,20
2019-04-14 09:47:42,0.56,20
2019-04-14 09:57:43,0.61,20
2019-04-14 10:07:43,0.6,20
2019-04-14 10:17:43,0.6,20
2019-04-14 10:27:44,0.65,20
2019-04-14 10:37:44,0.53,20
2019-04-14 10:47:45,0.64,20
2019-04-14 10:57:45,0.51,21
2019-04-14 11:07:46,0.52,20
2019-04-14 11:17:46,0.44,21
2019-04-14 11:27:46,0.53,20
2019-04-14 11:37:47,0.48,21
2019-04-14 11:47:47,0.46,21
2019-04-14 11:57:48,0.49,21
2019-04-14 12:07:48,0.62,20
2019-04-14 12:17:49,0.53,20
2019-04-14 12:27:49,0.45,21
2019-04-14 12:37:49,0.47,21
2019-04-14 12:47:50,0.53,20
2019-04-14 12:57:50,0.5,21
2019-04-14 01:07:51,0.48,21
2019-04-14 01:17:51,0.56,20
2019-04-14 01:27:51,0.52,21
2019-04-14 01:37:52,0.56,20
2019-04-14 01:47:52,0.66,21
2019-04-14 01:57:53,0.64,21
2019-04-14 02:07:53,0.65,21
2019-04-14 02:17:53,0.6,21
2019-04-14 02:27:54,0.78,21
2019-04-14 02:37:54,0.72,21
2019-04-14 02:47:55,0.73,21
2019-04-14 02:57:55,0.75,21
2019-04-14 03:07:55,0.79,21
2019-04-14 03:17:56,0.81,21
2019-04-14 03:27:56,0.97,21
2019-04-14 03:37:56,0.92,21
2019-04-14 03:47:57,1.02,21
2019-04-14 03:57:57,1.14,21
2019-04-14 04:07:58,1.19,21
2019-04-14 04:17:58,1.24,21
2019-04-14 04:27:59,1.24,21
2019-04-14 04:37:59,1.41,21
2019-04-14 04:47:59,1.54,21
2019-04-14 04:58:00,1.66,21
2019-04-14 05:08:00,1.96,21
2019-04-14 05:18:00,2.53,21
2019-04-14 05:28:01,3.16,21
2019-04-14 05:38:01,4.2,21
2019-04-14 05:48:02,5,21
2019-04-14 05:58:02,5,21
2019-04-14 06:08:02,5,21
2019-04-14 06:18:03,5,21
2019-04-14 06:28:03,5,21
2019-04-14 06:38:04,5,21
2019-04-14 06:48:04,5,21
2019-04-14 06:58:04,5,21
2019-04-14 07:08:05,5,21
2019-04-14 07:18:05,5,21
2019-04-14 07:28:06,5,21
2019-04-14 07:38:06,5,21
2019-04-14 07:48:07,5,21
2019-04-14 07:58:07,5,21
2019-04-14 08:08:07,5,21
2019-04-14 08:18:08,5,21
2019-04-14 08:28:08,5,21
2019-04-14 08:38:09,5,21
2019-04-14 08:48:09,5,21
2019-04-14 08:58:10,5,21
2019-04-14 09:08:10,5,21
2019-04-14 09:18:11,5,21
2019-04-14 09:28:11,5,21
2019-04-14 09:38:12,5,21
2019-04-14 09:48:12,5,21
2019-04-14 09:58:13,5,21
2019-04-14 10:08:13,5,21
2019-04-14 10:18:14,5,21
2019-04-14 10:28:14,5,21
2019-04-14 10:38:15,5,21
2019-04-14 10:48:15,5,21
2019-04-14 10:58:16,5,21
2019-04-14 11:08:16,5,21
2019-04-14 11:18:16,5,21
2019-04-14 11:28:17,5,21
2019-04-14 11:38:17,5,21
2019-04-14 11:48:18,5,21
2019-04-14 11:58:18,5,21
2019-04-15 12:08:19,5,21
2019-04-15 12:18:19,5,21
2019-04-15 12:28:19,5,21
2019-04-15 12:38:20,5,21
2019-04-15 12:48:20,5,21
2019-04-15 12:58:21,5,21
2019-04-15 01:08:21,5,21
2019-04-15 01:18:22,5,21
2019-04-15 01:28:22,5,21
2019-04-15 01:38:23,5,21
2019-04-15 01:48:23,5,21
2019-04-15 01:58:24,5,21
2019-04-15 02:08:24,5,20
2019-04-15 02:18:25,5,20
2019-04-15 02:28:25,5,20
2019-04-15 02:38:25,5,21
2019-04-15 02:48:26,5,21
2019-04-15 02:58:26,4.92,21
2019-04-15 03:08:27,3.76,21
2019-04-15 03:18:27,2.96,20
2019-04-15 03:28:28,2.42,20
2019-04-15 03:38:28,2.08,21
2019-04-15 03:48:29,1.85,20
2019-04-15 03:58:29,1.68,20
2019-04-15 04:08:30,1.54,20
2019-04-15 04:18:30,1.45,20
2019-04-15 04:28:31,1.38,20
2019-04-15 04:38:31,1.24,21
2019-04-15 04:48:32,1.25,20
2019-04-15 04:58:32,1.14,21
2019-04-15 05:08:32,1.15,20
2019-04-15 05:18:33,1.03,21
2019-04-15 05:28:33,0.98,21
2019-04-15 05:38:33,0.95,21
2019-04-15 05:48:34,0.98,20
2019-04-15 05:58:35,0.95,20
2019-04-15 06:08:35,0.92,20
2019-04-15 06:18:35,0.9,20
2019-04-15 06:28:36,0.81,20
2019-04-15 06:38:36,0.79,20
2019-04-15 06:48:36,0.77,20
2019-04-15 06:58:37,0.75,20
2019-04-15 07:08:37,0.74,20
2019-04-15 07:18:37,0.73,20
2019-04-15 07:28:38,0.72,20
2019-04-15 07:38:38,0.72,20
